-- phpMyAdmin SQL Dump
-- version 5.2.1
-- https://www.phpmyadmin.net/
--
-- Máy chủ: 127.0.0.1
-- Thời gian đã tạo: Th10 17, 2023 lúc 07:19 AM
-- Phiên bản máy phục vụ: 10.4.28-MariaDB
-- Phiên bản PHP: 8.2.4

SET SQL_MODE = "NO_AUTO_VALUE_ON_ZERO";
START TRANSACTION;
SET time_zone = "+00:00";


/*!40101 SET @OLD_CHARACTER_SET_CLIENT=@@CHARACTER_SET_CLIENT */;
/*!40101 SET @OLD_CHARACTER_SET_RESULTS=@@CHARACTER_SET_RESULTS */;
/*!40101 SET @OLD_COLLATION_CONNECTION=@@COLLATION_CONNECTION */;
/*!40101 SET NAMES utf8mb4 */;

--
-- Cơ sở dữ liệu: `x-shop`
--

-- --------------------------------------------------------

--
-- Cấu trúc bảng cho bảng `categories`
--

CREATE TABLE `categories` (
  `category_id` int(11) NOT NULL,
  `category_name` varchar(255) NOT NULL,
  `user_id` int(11) DEFAULT NULL
) ENGINE=InnoDB DEFAULT CHARSET=utf8 COLLATE=utf8_unicode_ci;

--
-- Đang đổ dữ liệu cho bảng `categories`
--

INSERT INTO `categories` (`category_id`, `category_name`, `user_id`) VALUES
(1, 'Bánh trăng vàng cao cấp', 1),
(2, 'Bánh nướng 2 trứng ĐB', 1),
(3, 'Bánh xanh', 1),
(4, 'Bánh nướng 1 trứng', 1),
(5, 'Bánh trung thu Oreo', 1),
(6, 'Bánh trung thu khác', 1),
(9, 'gàng hóa', 1);

-- --------------------------------------------------------

--
-- Cấu trúc bảng cho bảng `comments`
--

CREATE TABLE `comments` (
  `comment_id` int(11) NOT NULL,
  `content` mediumtext NOT NULL,
  `comment_date` date NOT NULL,
  `user_id` int(11) DEFAULT NULL,
  `product_id` int(11) DEFAULT NULL
) ENGINE=InnoDB DEFAULT CHARSET=utf8 COLLATE=utf8_unicode_ci;

--
-- Đang đổ dữ liệu cho bảng `comments`
--

INSERT INTO `comments` (`comment_id`, `content`, `comment_date`, `user_id`, `product_id`) VALUES
(2, 'Sản phẩm ok lắm ạ', '2023-10-12', 6, 4),
(3, 'Bánh ngon lắm!!', '2023-10-12', 6, 4),
(6, 'Bánh rất ngon ạ! rất hợp với túi tiền', '2023-10-12', 3, 37),
(7, 'Bánh ngon lắm ạ', '2023-10-15', 8, 15);

-- --------------------------------------------------------

--
-- Cấu trúc bảng cho bảng `products`
--

CREATE TABLE `products` (
  `product_id` int(11) NOT NULL,
  `product_name` varchar(255) NOT NULL,
  `price` float NOT NULL,
  `sale` float NOT NULL,
  `product_image` varchar(255) NOT NULL,
  `create_date` date NOT NULL,
  `description` mediumtext NOT NULL,
  `special` tinyint(1) NOT NULL,
  `view` int(11) DEFAULT 0,
  `category_id` int(11) DEFAULT NULL,
  `user_id` int(11) DEFAULT NULL
) ENGINE=InnoDB DEFAULT CHARSET=utf8 COLLATE=utf8_unicode_ci;

--
-- Đang đổ dữ liệu cho bảng `products`
--

INSERT INTO `products` (`product_id`, `product_name`, `price`, `sale`, `product_image`, `create_date`, `description`, `special`, `view`, `category_id`, `user_id`) VALUES
(1, 'Trăng vàng hoàng kim vinh hiển đỏ', 1300000, 0, 'trang-vang-hoang-kim-vinh-hien-do-1.jpg', '2023-10-12', '<p>Thương hiệu: b&aacute;nh trung thu Kinh Đ&ocirc;</p>\r\n<p>Loại b&aacute;nh: B&aacute;nh Trăng V&agrave;ng cao cấp</p>\r\n<p>H&igrave;nh thức: Hộp qu&agrave; tặng Trăng v&agrave;ng Ho&agrave;ng Kim Vinh Hiển Đỏ</p>\r\n<p>Khối lượng: 4 b&aacute;nh 160gr + H&ocirc;̣p trà Oolong 50gr</p>\r\n<p>Th&agrave;nh phần:</p>\r\n<p>- T&ocirc;m B&aacute;ch Hoa</p>\r\n<p>- Thịt X&ocirc;ng Kh&oacute;i</p>\r\n<p>- G&agrave; Quay Tứ qu&yacute;</p>\r\n<p>- Đậu Xanh Hạnh Nh&acirc;n</p>\r\n<p>- Hộp Tr&agrave; &Ocirc;long</p>\r\n<p>Trăng v&agrave;ng ho&agrave;ng Kim Vinh Hiển Đỏ l&agrave; m&oacute;n qu&agrave; g&oacute;i gọn l&ograve;ng tr&acirc;n qu&yacute;, thiết kế của Trăng V&agrave;ng Ho&agrave;ng Kim Đỏ đầy tinh tế với những n&eacute;t họa tiết mềm mại tr&ecirc;n nền đỏ thắm, l&agrave;m nổi bật Ho&agrave;ng Kim vương giả. Ẩn chứa b&ecirc;n trong l&agrave; hương vị độc đ&aacute;o của thịt sốt tương BBQ, G&agrave; quay tứ qu&yacute;,..đặc biệt l&agrave; b&aacute;nh Cua Huỳnh Đế - một m&oacute;n qu&agrave; qu&yacute; của biển cả khiến người thưởng thức sẽ c&ograve;n đọng m&atilde;i dư vị trung thu.</p>\r\n<p>Cua huỳnh đế l&agrave; một trong những t&aacute;c phẩm cầu k&igrave; bậc nhất, tự kh&acirc;u chuẩn bị nguy&ecirc;n liệu đến c&aacute;ch chế biến k&igrave; t&agrave;i rất ri&ecirc;ng, rất độc đ&aacute;o. Tặng chiếc b&aacute;nh m&agrave; tặng lu&ocirc;n hết cả tinh t&uacute;y của tấm l&ograve;ng, tặng tốt đẹp nhất của mọi tốt đẹp, tặng t&igrave;nh th&acirc;n nhất của mọi t&igrave;nh th&acirc;n.</p>\r\n<p>V&igrave; một m&ugrave;a trung thu ấm c&uacute;ng, trọn vẹn, h&atilde;y c&ugrave;ng lan tỏa!</p>', 0, 134, 1, 1),
(2, 'Trăng vàng hồng ngọc an bình', 570000, 0, 'trang-vang-hong-ngoc-an-binh-1.png', '2023-10-12', '<p>Thương hiệu: b&aacute;nh trung thu Kinh Đ&ocirc;</p>\r\n<p>Loại b&aacute;nh: B&aacute;nh Trăng V&agrave;ng cao cấp</p>\r\n<p>Hộp 4 b&aacute;nh x160gr gồm: Cua B&aacute;t Bửu , Đậu Xanh Hạnh Nh&acirc;n , Đậu Đỏ Hạnh Nh&acirc;n, Hạt Sen Hạt Dưa.&nbsp;</p>\r\n<p>D&ograve;ng b&aacute;nh Trăng V&agrave;ng Hồng Ngọc An B&igrave;nh lấy cảm hứng tư bữa tiệc ho&agrave;ng gia, với h&igrave;nh ảnh họa tiết hoa văn m&acirc;y l&agrave;nh triều Nguyễn tr&ecirc;n nắp hộp, tượng trưng cho lời ch&uacute;c một m&ugrave;a trung thu b&igrave;nh an, hạnh ph&uacute;c!</p>\r\n<p>V&igrave; một m&ugrave;a trung thu ấm c&uacute;ng, trọn vẹn, h&atilde;y c&ugrave;ng lan tỏa!</p>', 0, 1, 1, 1),
(3, 'Trăng vàng hồng ngọc an lành (xanh)', 640000, 0, 'trang-vang-hong-ngoc-an-lanh-xanh-1.jpg', '2023-10-12', '<p>Thương hiệu: b&aacute;nh trung thu Kinh Đ&ocirc;</p>\r\n<p>Loại b&aacute;nh: B&aacute;nh Trăng V&agrave;ng cao cấp</p>\r\n<p>H&igrave;nh thức: Hộp qu&agrave; tặng Trăng v&agrave;ng Hồng Ngọc An L&agrave;nh</p>\r\n<p>Khối lượng: 4 b&aacute;nh x 160gr</p>\r\n<p>Hộp 4 b&aacute;nh gồm: Cua B&aacute;t Bửu, Thịt X&ocirc;ng Kh&oacute;i, Hạt Sen Hạt Dưa , Đậu đỏ Hạnh Nh&acirc;n.&nbsp;</p>\r\n<p>D&ograve;ng b&aacute;nh Trăng V&agrave;ng Hồng Ngọc An L&agrave;nh lấy cảm hứng từ bữa tiệc ho&agrave;ng gia, với với h&igrave;nh ảnh cửu sơn b&aacute;t hải triều L&yacute; Trần, tượng trưng cho lời ch&uacute;c ph&uacute;c l&agrave;nh đến những người th&acirc;n y&ecirc;u.</p>\r\n<p>Qu&yacute; gi&aacute; v&agrave; đầy quyền năng như vi&ecirc;n Hồng Ngọc an l&agrave;nh, mối giao hảo bền l&acirc;u ch&iacute;nh l&agrave; nguồn mạnh v&ocirc; gi&aacute; v&agrave; thắm đỏ &acirc;n t&igrave;nh m&agrave; chỉ người th&acirc;n qu&yacute; mới nhận ra nhau, kề vai s&aacute;t c&aacute;nh c&ugrave;ng nhau. Trăng V&agrave;ng Cao Cấp Kinh Đ&ocirc; l&agrave;m ra từ hết thảy những t&acirc;m huyết, l&ograve;ng đam m&ecirc; vươn l&ecirc;n đến đỉnh ho&agrave;n hảo để tạo lập c&aacute;c gi&aacute; trị t&igrave;nh th&acirc;m giao sống m&atilde;i với thời gian, ch&uacute;c cầu sự ho&agrave;n thuận, sum vầy v&agrave; tr&ograve;n vẹn bền chặt như khoảng khắc qu&acirc;y quần hạnh ph&uacute;c dưới &aacute;nh trăng v&agrave;ng.</p>\r\n<p>V&igrave; một m&ugrave;a trung thu ấm c&uacute;ng, trọn vẹn, h&atilde;y c&ugrave;ng lan tỏa!</p>', 0, 2, 1, 1),
(4, 'Trăng vàng hồng ngọc an nhiên (vàng)', 640000, 0, 'trang-vang-hong-ngoc-an-nhien-vang-1.png', '2023-10-12', '<p>Thương hiệu: b&aacute;nh trung thu Kinh Đ&ocirc;</p>\r\n<p>Loại b&aacute;nh: B&aacute;nh nướng cao cấp</p>\r\n<p>Hộp 4 b&aacute;nh 4 trứng gồm: Cua B&aacute;t Bửu, G&agrave; Quay Tứ Qu&yacute;, Đậu xanh Hạnh Nh&acirc;n, Hạt Sen Hạt Dưa</p>\r\n<p>Trọng lượng: 4banh x 160g</p>\r\n<p>Với người Việt Nam, Trung thu l&agrave; c&aacute;i tết lớn thứ hai trong năm sau Nguy&ecirc;n Đ&aacute;n. Người Việt tổ chức hội h&egrave; rộn rang khắp nẻo: thầy tr&ograve; đồng nghiệp c&ugrave;ng bạn b&egrave;, bằng hữu n&ocirc; nức tặng nhau với những m&oacute;n qu&agrave; thật ưng &yacute; như B&aacute;nh trung thu Kinh Đ&ocirc; Trăng V&agrave;ng , người người qu&acirc;y quần b&ecirc;n gia đ&igrave;nh, b&agrave;y m&acirc;m cỗ c&uacute;ng gia ti&ecirc;n v&agrave; thưởng ngoạn &aacute;nh trăng đẹp nhất trong năm, trẻ con n&ocirc; nức rồng răng chạy theo những con l&acirc;n rực rỡ v&agrave; &ocirc;ng Địa l&uacute;c lắc - tr&ecirc;n tay l&agrave; chiếc lồng đ&egrave;n m&agrave; b&eacute; đ&atilde; mong chờ từ m&ugrave;a thu trước.</p>\r\n<p>Trung thu đời nay vẫn rực rỡ sắc m&agrave;u t&igrave;nh th&acirc;n như thế. Mong cho Trung thu những năm về sau nữa, t&igrave;nh th&acirc;n cũng vẫn cứ lung linh mỗi dịp Tết giữa m&ugrave;a thu.</p>\r\n<p>V&igrave; một m&ugrave;a trung thu ấm c&uacute;ng, trọn vẹn, h&atilde;y c&ugrave;ng lan tỏa!</p>', 0, 93, 1, 1),
(5, 'Trăng vàng hồng ngọc an phú vàng', 770000, 0, 'trang-vang-hong-ngoc-an-phu-vang-1.png', '2023-10-12', '<p>Thương hiệu: b&aacute;nh trung thu Kinh Đ&ocirc;</p>\r\n<p>Loại b&aacute;nh: B&aacute;nh Trăng V&agrave;ng cao cấp</p>\r\n<p>H&igrave;nh thức: Hộp qu&agrave; tặng Trăng v&agrave;ng Hồng Ngọc Thu An Ph&uacute; (V&agrave;ng)</p>\r\n<p>Khối lượng: 4 b&aacute;nh x 160gr</p>\r\n<p>Th&agrave;nh phần:</p>\r\n<p>Hộp 4 b&aacute;nh gồm:&nbsp;</p>\r\n<p>- Cua B&aacute;t Bửu</p>\r\n<p>- G&agrave; Quay Tứ Qu&yacute;</p>\r\n<p>- Thịt X&ocirc;ng Kh&oacute;i</p>\r\n<p>- Đậu Đỏ Hạnh Nh&acirc;n&nbsp;</p>\r\n<p>D&ograve;ng b&aacute;nh Trăng V&agrave;ng Hồng Ngọc An Ph&uacute; lấy cảm hứng từ bữa tiệc ho&agrave;ng gia, kết hợp với h&igrave;nh ảnh hoa sen triều L&ecirc;, tượng trưng lời ch&uacute;c thu vẹn tr&ograve;n, an y&ecirc;n v&agrave; ph&uacute; qu&yacute;.</p>\r\n<p>Trăng v&agrave;ng Hồng Ngọc An Ph&uacute; V&agrave;ng : Như một t&aacute;c phẩm đi&ecirc;u khắc lộng lẫy &aacute;nh v&agrave;ng vương giả, Trăng V&agrave;ng Hồng Ngọc V&agrave;ng thể hiện sự sang trọng với những hoa văn như được chạm trổ tr&ecirc;n chất liệu cao cấp, l&agrave; m&oacute;n qu&agrave; xứng tầm t&ocirc;n qu&yacute;. Ngay khi vừa mở hộp, người thưởng thức sẽ kh&ocirc;ng thể bỏ qua hương vị mới lạ của b&aacute;nh Hải S&acirc;m biển đ&ocirc;ng, kết tinh những sản vật thơm ngon.</p>\r\n<p>Hải sản Biển đ&ocirc;ng: Đậm đ&agrave; hương vị biển đ&ocirc;ng m&agrave; h&ograve;a quyện tinh tế, mới lạ v&agrave; độc đ&aacute;o, b&aacute;nh Hải sản biển Đ&ocirc;ng l&agrave; một trong những m&oacute;n b&aacute;nh ưu t&uacute; nhất của nghệ nh&acirc;n trăng v&agrave;ng. Bởi kh&ocirc;ng kh&iacute; ăm ắp v&agrave; thơm lừng hải sản, b&aacute;nh c&ograve;n mang lại dư vị biển ng&acirc;n nga khiến người thưởng thức kh&ocirc;ng thể ngu&ocirc;i ngoai.</p>\r\n<p>V&igrave; một m&ugrave;a trung thu ấm c&uacute;ng, trọn vẹn, h&atilde;y c&ugrave;ng lan tỏa!</p>', 0, 2, 1, 1),
(6, 'Trăng vàng hồng ngọc an thịnh đỏ', 770000, 0, 'trang-vang-hong-ngoc-an-thinh-do-1.jpg', '2023-10-12', '<p>Thương hiệu: b&aacute;nh trung thu Kinh Đ&ocirc;</p>\r\n<p>Loại b&aacute;nh: B&aacute;nh Trăng V&agrave;ng cao cấp</p>\r\n<p>H&igrave;nh thức: Hộp qu&agrave; tặng Trăng v&agrave;ng Hồng Ngọc An Thịnh Đỏ</p>\r\n<p>Th&agrave;nh phần: 4 b&aacute;nh</p>\r\n<p>Cua B&aacute;t Bửu</p>\r\n<p>G&agrave; Quay Tứ Qu&yacute;</p>\r\n<p>Thịt X&ocirc;ng Kh&oacute;i</p>\r\n<p>Đậu Đỏ Hạnh Nh&acirc;n</p>\r\n<p>Trăng V&agrave;ng Hồng Ngọc An Thịnh Đỏ: qu&yacute; ph&aacute;i với sắc đỏ bạc sang trọng, nỗi bật b&ecirc;n &aacute;nh bạc rạng ngời, Trăng v&agrave;ng hồng Ngọc đỏ được thiết kế tinh xảo với những họa tiết mềm mại nhảy m&uacute;a như vũ điệu đ&ecirc;m rằm. Vẻ ngo&agrave;i ấy c&agrave;ng l&agrave;m nỗi bật hương vị cuốn h&uacute;t của b&aacute;nh.</p>\r\n<p>Hải S&acirc;m Thượng Hạng &ndash; Vốn được chắc lọc từ m&oacute;n qu&agrave; qu&yacute; gi&aacute; của đại dương. Hải s&acirc;m hảo hạng: để l&agrave;m n&ecirc;n chiếc b&aacute;nh n&agrave;y, nghệ nh&acirc;n Trăng v&agrave;ng đ&atilde; kh&ocirc;ng quản ng&agrave;y đ&ecirc;m kh&oacute; nhọc nghi&ecirc;n cứu v&agrave; t&igrave;m t&ograve;i, sao cho miếng b&aacute;nh vừa đủ ngọt ng&agrave;o m&agrave; vẫn nguy&ecirc;n vẹn vị tinh t&uacute;y qu&yacute; gi&aacute; của Hải s&acirc;m- nh&acirc;n s&acirc;m của biển cả, để miếng b&aacute;nh thực sự l&agrave; &ldquo; M&oacute;n qu&agrave; qu&yacute; tặng người cao qu&yacute;&rdquo;.</p>\r\n<p>V&igrave; một m&ugrave;a trung thu ấm c&uacute;ng, trọn vẹn, h&atilde;y c&ugrave;ng lan tỏa!</p>', 0, 1, 1, 1),
(7, 'Trăng vàng hồng ngọc hưng phú', 770000, 0, 'trang-vang-hong-ngoc-hung-phu-1.jpg', '2023-10-12', '<p>Thương hiệu: b&aacute;nh trung thu Kinh Đ&ocirc;</p>\r\n<p>Loại b&aacute;nh: Trăng V&agrave;ng Cao Cấp</p>\r\n<p>H&igrave;nh thức: Hộp qu&agrave; tặng 8 b&aacute;nh, mỗi b&aacute;nh 80g</p>\r\n<p>1. Thịt X&ocirc;ng Kh&oacute;i x 2 c&aacute;i</p>\r\n<p>2. G&agrave; Quay Tứ Qu&yacute; x 2 c&aacute;i</p>\r\n<p>3. Đậu Xanh Hạnh Nh&acirc;n x 2 c&aacute;i</p>\r\n<p>4. Hạt Sen Hạt Dưa x2 c&aacute;i</p>\r\n<p>Trung Thu l&agrave; c&aacute;i Tết của ấm no hạnh ph&uacute;c, l&agrave; Tết của trao-nhận v&agrave; l&agrave; c&aacute;i Tết của những m&oacute;n qu&agrave; &yacute; nghĩa. Trung thu dịp m&agrave; th&agrave;nh vi&ecirc;n trong gia đ&igrave;nh c&ugrave;ng tề tụm ngồi lại với nhau. Đ&acirc;y cũng l&agrave; khoảng thời gian để mỗi người thể hiện sự quan t&acirc;m v&agrave; t&igrave;nh cảm d&agrave;nh cho bạn b&egrave;, người th&acirc;n v&agrave; đối t&aacute;c qua những m&oacute;n qu&agrave; tặng Trung Thu sang trọng. Hằng năm c&aacute;c thương hiệu đều c&aacute;ch t&acirc;n mẫu hộp th&ecirc;m phần tinh tế, t&ocirc; đậm đặc trưng của từng loại,.. điều n&agrave;y như \"thổi\" một l&agrave;n gi&oacute; mới v&agrave;o thị trường Việt Nam. Mỗi chiếc b&aacute;nh như một t&aacute;c phẩm của thị gi&aacute;c, khứu gi&aacute;c v&agrave; vị gi&aacute;c được kết tinh từ kinh nghiệm v&agrave; sự s&aacute;ng tạo của những nghệ nh&acirc;n l&agrave;m b&aacute;nh. &nbsp;</p>\r\n<p>Những hộp b&aacute;nh Trung Thu như những m&oacute;n qu&agrave; sang trọng với mẫu m&atilde; được thiết kế cầu kỳ, trang nh&atilde; với c&aacute;ch phối m&agrave;u tinh tế, h&agrave;i h&ograve;a. B&ecirc;n trong hộp l&agrave; những chiếc b&aacute;nh nướng truyền thống với nhiều hương vị kh&aacute;c nhau v&agrave; vỏ b&aacute;nh mềm mịn mang đến cảm gi&aacute;c ngon miệng vừa lạ vừa quen.</p>\r\n<p>V&igrave; một m&ugrave;a trung thu ấm c&uacute;ng, trọn vẹn, h&atilde;y c&ugrave;ng lan tỏa!</p>', 0, 0, 1, 1),
(8, 'Trăng vàng hồng ngọc hưng thịnh', 570000, 0, 'trang-vang-hong-ngoc-hung-thinh-1.jpg', '2023-10-12', '<p>Thương hiệu: b&aacute;nh trung thu Kinh Đ&ocirc;</p>\r\n<p>Loại b&aacute;nh: Trăng V&agrave;ng Cao Cấp</p>\r\n<p>H&igrave;nh thức: Hộp qu&agrave; tặng 6 b&aacute;nh, mỗi b&aacute;nh 80g</p>\r\n<p>1. G&agrave; Quay Tứ Qu&yacute; x 2 c&aacute;i</p>\r\n<p>2. Đậu Xanh Hạnh Nh&acirc;n x 2 c&aacute;i</p>\r\n<p>3. Hạt Sen Hạt Dưa x 2 c&aacute;i</p>\r\n<p>Trung Thu l&agrave; c&aacute;i Tết của ấm no hạnh ph&uacute;c, l&agrave; Tết của trao-nhận v&agrave; l&agrave; c&aacute;i Tết của những m&oacute;n qu&agrave; &yacute; nghĩa. Trung thu dịp m&agrave; th&agrave;nh vi&ecirc;n trong gia đ&igrave;nh c&ugrave;ng tề tụm ngồi lại với nhau. Đ&acirc;y cũng l&agrave; khoảng thời gian để mỗi người thể hiện sự quan t&acirc;m v&agrave; t&igrave;nh cảm d&agrave;nh cho bạn b&egrave;, người th&acirc;n v&agrave; đối t&aacute;c qua những m&oacute;n qu&agrave; tặng Trung Thu sang trọng. Hằng năm c&aacute;c thương hiệu đều c&aacute;ch t&acirc;n mẫu hộp th&ecirc;m phần tinh tế, t&ocirc; đậm đặc trưng của từng loại,.. điều n&agrave;y như \"thổi\" một l&agrave;n gi&oacute; mới v&agrave;o thị trường Việt Nam. Mỗi chiếc b&aacute;nh như một t&aacute;c phẩm của thị gi&aacute;c, khứu gi&aacute;c v&agrave; vị gi&aacute;c được kết tinh từ kinh nghiệm v&agrave; sự s&aacute;ng tạo của những nghệ nh&acirc;n l&agrave;m b&aacute;nh. &nbsp;</p>\r\n<p>Những hộp b&aacute;nhTrung Thu như những m&oacute;n qu&agrave; sang trọng với mẫu m&atilde; được thiết kế cầu kỳ, trang nh&atilde; với c&aacute;ch phối m&agrave;u tinh tế, h&agrave;i h&ograve;a. B&ecirc;n trong hộp l&agrave; những chiếc b&aacute;nh nướng truyền thống với nhiều hương vị kh&aacute;c nhau v&agrave; vỏ b&aacute;nh mềm mịn mang đến cảm gi&aacute;c ngon miệng vừa lạ vừa quen.</p>\r\n<p>V&igrave; một m&ugrave;a trung thu ấm c&uacute;ng, trọn vẹn, h&atilde;y c&ugrave;ng lan tỏa!</p>', 0, 1, 1, 1),
(9, 'Trăng vàng hồng ngọc tâm an', 570000, 0, 'trang-vang-hong-ngoc-tam-an-1.png', '2023-10-12', '<p><img src=\"https://demo037172.web30s.vn/datafiles/40248/upload/images/product/trang-vang-hong-ngoc-tam-an.png\" alt=\"\"></p>\r\n<p>Thương hiệu: b&aacute;nh trung thu Kinh Đ&ocirc;</p>\r\n<p>Loại b&aacute;nh: B&aacute;nh Trăng V&agrave;ng cao cấp</p>\r\n<p>H&igrave;nh thức: Hộp qu&agrave; tặng Trăng v&agrave;ng Hồng Ngọc T&acirc;m An Xanh</p>\r\n<p>Khối lượng: 4 b&aacute;nh 120gr&nbsp;</p>\r\n<p>Hộp 4 b&aacute;nh gồm: Tr&agrave; xanh Matcha Hạt Macadamia ( 2 c&aacute;i ), Tr&agrave; xanh Matcha Đậu Đỏ, Hạt Sen Hạnh Nh&acirc;n.&nbsp;</p>\r\n<p>D&ograve;ng b&aacute;nh Trăng V&agrave;ng Hồng Ngọc T&acirc;m An l&agrave; d&ograve;ng b&aacute;nh trăng v&agrave;ng cao cấp Kinh Đ&ocirc; sử dụng đường ăn ki&ecirc;ng , kh&ocirc;ng trứng, rất th&iacute;ch hợp cho người bệnh tiểu đường, người ăn chay</p>\r\n<p>V&igrave; một m&ugrave;a trung thu ấm c&uacute;ng, trọn vẹn, h&atilde;y c&ugrave;ng lan tỏa!</p>', 0, 0, 1, 1),
(10, 'Trăng vàng pha lê vạn phúc', 980000, 0, 'trang-vang-pha-le-van-phuc-3.jpg', '2023-10-12', '<section id=\"w30s-section-317929\" data-name=\"Content\">\r\n<section>\r\n<section>\r\n<div>\r\n<div data-content_type=\"0\" data-demo=\"1\" data-hash=\"0\">\r\n<div>\r\n<div id=\"8090875-tab-1001603078363829\" role=\"tabpanel\">\r\n<div data-content_type=\"999\" data-widget-unique=\"1001668744164332\">\r\n<p><img src=\"https://demo037172.web30s.vn/datafiles/40248/upload/images/product/trang-vang-pha-le-van-phuc.png\" alt=\"\"></p>\r\n<p>Thương hiệu: b&aacute;nh trung thu Kinh Đ&ocirc;</p>\r\n<p>Loại b&aacute;nh: B&aacute;nh Trăng V&agrave;ng cao cấp</p>\r\n<p>H&igrave;nh thức: Hộp qu&agrave; tặng Trăng v&agrave;ng Pha L&ecirc; Vạn Ph&uacute;c</p>\r\n<p>Khối Lượng: 8 b&aacute;nh x 80gr</p>\r\n<p>Th&agrave;nh phần:</p>\r\n<p>- Cua B&aacute;t Bửu x 2 c&aacute;i</p>\r\n<p>- G&agrave; Quay Tứ Qu&yacute; x 2 c&aacute;i</p>\r\n<p>- Đậu Xanh Hạnh Nh&acirc;n x 2 c&aacute;i</p>\r\n<p>- Hạt Sen Hạt Dưa x 2 c&aacute;i</p>\r\n<p>Qu&yacute; gi&aacute; v&agrave; đầy quyền năng như vi&ecirc;n Pha L&ecirc;, mối giao hảo bền l&acirc;u ch&iacute;nh l&agrave; nguồn mạnh v&ocirc; gi&aacute; v&agrave; thắm đỏ &acirc;n t&igrave;nh m&agrave; chỉ người th&acirc;n qu&yacute; mới nhận ra nhau, kề vai s&aacute;t c&aacute;nh c&ugrave;ng nhau. B&aacute;nh trung thu kinh đ&ocirc; trăng v&agrave;ng pha l&ecirc; vạn ph&uacute;c được tạo ra từ hết thảy những t&acirc;m huyết, l&ograve;ng đam m&ecirc; vươn l&ecirc;n đến đỉnh của sự ho&agrave;n hảo để tạo lập c&aacute;c gi&aacute; trị t&igrave;nh th&acirc;m giao sống m&atilde;i với thời gian, ch&uacute;c cầu sự ho&agrave;n thuận, sum vầy v&agrave; tr&ograve;n vẹn bền chặt như những ph&uacute;t gi&acirc;y qu&acirc;y quần hạnh ph&uacute;c dưới &aacute;nh trăng tr&ograve;n.</p>\r\n<p>Ph&aacute; c&aacute;ch v&agrave; hiện đại với vẻ ngo&agrave;i xanh bạc trẻ trung, tao nh&atilde;, vẫn giữ n&eacute;t đẹp bản sắc với những họa tiết vương giả qu&yacute; ph&aacute;i, Trăng V&agrave;ng Pha L&ecirc; Vạn Ph&uacute;c ẩn chứa b&ecirc;n trong hương vị mới lạ của b&aacute;nh Mochi Vị Mứt Cam Nhật, thanh ngọt đầy cuốn h&uacute;t kết hợp từ ẩm thực Nhật Bản m&agrave; vẫn giữ trọn &yacute; nghĩa truyền thống.</p>\r\n<p>V&igrave; một m&ugrave;a trung thu ấm c&uacute;ng, trọn vẹn, h&atilde;y c&ugrave;ng lan tỏa!</p>\r\n</div>\r\n</div>\r\n</div>\r\n</div>\r\n</div>\r\n</section>\r\n</section>\r\n</section>\r\n<section id=\"w30s-section-317930\" data-name=\"Sản phẩm khuyến ma&atilde;i\">\r\n<section>\r\n<section>\r\n<div>\r\n<div>\r\n<div>\r\n<h2 data-widget-unique=\"1668744515802\" data-widget-id=\"8090880\">&nbsp;</h2>\r\n</div>\r\n</div>\r\n</div>\r\n</section>\r\n</section>\r\n</section>', 0, 0, 1, 1),
(11, 'Trăng vàng hoàng kim vinh hoa vàng', 1300000, 0, 'trang-vang-hoang-kim-vinh-hoa-vang-1.jpg', '2023-10-12', '<p><img src=\"https://demo037172.web30s.vn/datafiles/40248/upload/images/product/trang-vang-hoang-kim-vinh-hoa-vang.jpg\" alt=\"\"></p>\r\n<p>Thương hiệu: b&aacute;nh trung thu Kinh Đ&ocirc;</p>\r\n<p>Loại b&aacute;nh: B&aacute;nh nướng cao cấp</p>\r\n<p>H&igrave;nh thức: Hộp qu&agrave; tặng Trăng V&agrave;ng Ho&agrave;ng Kim Vinh Hoa Đỏ V&agrave;ng Cao Cấp</p>\r\n<p>Khối lượng: 4 b&aacute;nh 160gr + H&ocirc;̣p trà &Ocirc;long 50gr</p>\r\n<p>Th&agrave;nh phần:</p>\r\n<p>- T&ocirc;m Bách Hoa</p>\r\n<p>- Thịt X&ocirc;ng Kh&oacute;i</p>\r\n<p>- Gà Quay Tứ Quý</p>\r\n<p>- Đậu Xanh Hạnh Nh&acirc;n</p>\r\n<p>- H&ocirc;̣p Trà &Ocirc;long Thượng Hạng</p>\r\n<p>Với thiết kế giao h&ograve;a nhiều sắc độ Ho&agrave;ng Kim, nổi bật với &aacute;nh đỏ lộng lẫy c&ugrave;ng những hoa văn vương giả nhẹ nh&agrave;ng uốn lượn, thiết kế của Trăng V&agrave;ng Ho&agrave;ng Kim Đỏ V&agrave;ng như bản h&ograve;a ca về vẻ đẹp của nghĩa bằng hữu, t&igrave;nh th&acirc;m giao. Th&acirc;m t&igrave;nh ấy sẽ th&ecirc;m khắn kh&iacute;t khi c&ugrave;ng nhau thưởng thức vị ngon đặc sắc của b&aacute;nh t&ocirc;m c&agrave;ng b&aacute;ch hoa, cầu k&igrave; v&agrave; đầy đủ tinh tế.</p>\r\n<p>T&ocirc;m c&agrave;ng b&aacute;ch hoa: M&oacute;n ngon vật lạ đem tặng nhau l&agrave; lẽ thường t&igrave;nh, chiếc b&aacute;nh T&ocirc;m c&agrave;ng b&aacute;ch hoa kh&ocirc;ng chỉ đơn thuần c&oacute; ngon v&agrave; lạ. Đ&oacute; c&ograve;n cả c&ocirc;ng tr&igrave;nh người nghệ nh&acirc;n Trăng v&agrave;ng d&agrave;y c&ocirc;ng tạo dựng v&agrave; chăm ch&uacute;t: m&ecirc;nh mang m&agrave; đậm đ&agrave; vị biển, chan chứa m&agrave; thấm đẫm nghĩa t&igrave;nh bạn b&egrave; trao tặng nhau.</p>\r\n<p>Với người Việt Nam, Trung thu l&agrave; c&aacute;i tết lớn thứ hai trong năm sau Nguy&ecirc;n Đ&aacute;n. Người Việt tổ chức hội h&egrave; rộn r&agrave;ng khắp nẻo: thầy tr&ograve; đồng nghiệp c&ugrave;ng bạn b&egrave;, bằng hữu n&ocirc; nức tặng nhau với những m&oacute;n qu&agrave; thật ưng &yacute;, người người qu&acirc;y quần b&ecirc;n gia đ&igrave;nh, b&agrave;y m&acirc;m cỗ c&uacute;ng gia ti&ecirc;n v&agrave; thưởng ngoạn &aacute;nh Trăng đẹp nhất trong năm, trẻ con n&ocirc; nức rồng răng chạy theo những con l&acirc;n rực rỡ v&agrave; &ocirc;ng Địa l&uacute;c lắc - tr&ecirc;n tay l&agrave; chiếc lồng đ&egrave;n m&agrave; b&eacute; đ&atilde; mong chờ từ m&ugrave;a thu trước.</p>\r\n<p>Trung thu đời nay vẫn rực rỡ sắc m&agrave;u t&igrave;nh th&acirc;n như thế. Mong cho Trung thu những năm về sau nữa, t&igrave;nh th&acirc;n cũng vẫn cứ lung linh mỗi dịp Tết giữa m&ugrave;a thu.</p>\r\n<p>V&igrave; một m&ugrave;a trung thu ấm c&uacute;ng, trọn vẹn, h&atilde;y c&ugrave;ng lan tỏa!</p>', 0, 0, 1, 1),
(12, 'Đậu đỏ kiểu nhật 2 trứng 210g', 95000, 0, 'dau-do-kieu-nhat-2-trung-210g-1.png', '2023-10-12', '<p>Thương hiệu: Kinh Đ&ocirc;</p>\r\n<p>Loại b&aacute;nh: B&aacute;nh Nướng</p>\r\n<p>H&igrave;nh thức: 01 B&aacute;nh, Hộp Kiếng Chống Ẩm</p>\r\n<p>Khối lượng: 230 gram</p>\r\n<p>Th&agrave;nh phần: Nh&acirc;n Hỗn Hợp Đậu Đỏ Kiểu Nhật&nbsp;2 Trứng</p>\r\n<p>B&aacute;nh Nướng</p>\r\n<p>Trung thu ta lại gặp nhau ~ c&ugrave;ng chia miếng b&aacute;nh thỏa c&acirc;u &acirc;n t&igrave;nh.</p>\r\n<p>Trong hai m&oacute;n b&aacute;nh Trung Thu, b&aacute;nh nướng ch&iacute;nh l&agrave; thứ qu&agrave; căn bản nhất m&agrave; lại cầu kỳ tinh vi diệu vợi nhất.</p>\r\n<p>Cầu kỳ từ kh&acirc;u chọn loại bột m&igrave; mềm v&agrave; mịn nhất để vỏ b&aacute;nh gi&ograve;n thơm sần sật, cầu kỳ đến việc loại trứng tr&ograve;n đều mu&ocirc;n vạn quả như một, thấm muối vừa vặn, sắc sảo mặn m&agrave; m&agrave; kh&ocirc;ng l&agrave;m phiền đến vị gi&aacute;c người ăn.</p>\r\n<p>Mỗi loại b&aacute;nh từ truyền thống như nh&acirc;n Thập Cẩm, nh&acirc;n Đậu Xanh hay hiện đại như nh&acirc;n G&agrave; Quay XO, B&agrave;o Ngư, Vi C&aacute; &hellip; đều thể hiện một kỳ c&ocirc;ng bất tuyệt của người Nghệ nh&acirc;n l&agrave;m b&aacute;nh Kinh Đ&ocirc;.</p>\r\n<p>Đ&acirc;y miếng b&aacute;nh trung thu Kinh Đ&ocirc; thơm ngon, đ&acirc;y &acirc;n t&igrave;nh tr&acirc;n qu&yacute;, dưới &aacute;nh trăng thu vằng vặc ta trao nhau ch&uacute;t t&igrave;nh nghĩa mặn m&agrave; của cả một m&ugrave;a &acirc;n nghĩa, c&ograve;n l&agrave;m g&igrave; hơn vẻ hữu t&igrave;nh của m&ugrave;a thu hơn vậy?</p>', 0, 0, 2, 1),
(13, 'Sữa dừa hạt dưa 2 trứng 210g', 95000, 0, 'sua-dua-hat-dua-2-trung-210g-1.png', '2023-10-12', '<div data-auto_height=\"0\" data-content_field=\"image_list\" data-content_type=\"999\" data-render=\"w30s-widget-8090845\" data-id=\"8090845\">\r\n<div id=\"slider-8090845\" style=\"list-style-type: none;\">\r\n<div data-swiper-slide-index=\"0\">\r\n<p>Thương hiệu: Kinh Đ&ocirc;</p>\r\n<p>Loại b&aacute;nh: B&aacute;nh Nướng (banh trung thu kinh do)</p>\r\n<p>H&igrave;nh thức: 01 B&aacute;nh, Hộp Kiếng Chống Ẩm</p>\r\n<p>Khối lượng: 230 gram</p>\r\n<p>Th&agrave;nh phần: Nh&acirc;n Hỗn Hợp Sữa Dừa Hạt Dưa 2 trứng</p>\r\n<p>B&aacute;nh Nướng</p>\r\n<p>Trung thu ta lại gặp nhau ~ c&ugrave;ng chia miếng b&aacute;nh thỏa c&acirc;u &acirc;n t&igrave;nh.</p>\r\n<p>Trong hai m&oacute;n b&aacute;nh Trung Thu, b&aacute;nh nướng ch&iacute;nh l&agrave; thứ qu&agrave; căn bản nhất m&agrave; lại cầu kỳ tinh vi diệu vợi nhất.</p>\r\n<p>Cầu kỳ từ kh&acirc;u chọn loại bột m&igrave; mềm v&agrave; mịn nhất để vỏ b&aacute;nh gi&ograve;n thơm sần sật, cầu kỳ đến việc loại trứng tr&ograve;n đều mu&ocirc;n vạn quả như một, thấm muối vừa vặn, sắc sảo mặn m&agrave; m&agrave; kh&ocirc;ng l&agrave;m phiền đến vị gi&aacute;c người ăn.</p>\r\n<p>Mỗi loại b&aacute;nh từ truyền thống như nh&acirc;n Thập Cẩm, nh&acirc;n Đậu Xanh hay hiện đại như nh&acirc;n G&agrave; Quay XO, B&agrave;o Ngư, Vi C&aacute; &hellip; đều thể hiện một kỳ c&ocirc;ng bất tuyệt của người Nghệ nh&acirc;n l&agrave;m b&aacute;nh Kinh Đ&ocirc;.</p>\r\n<p>Đ&acirc;y miếng b&aacute;nh trung thu Kinh Đ&ocirc; thơm ngon, đ&acirc;y &acirc;n t&igrave;nh tr&acirc;n qu&yacute;, dưới &aacute;nh trăng thu vằng vặc ta trao nhau ch&uacute;t t&igrave;nh nghĩa mặn m&agrave; của cả một m&ugrave;a &acirc;n nghĩa, c&ograve;n l&agrave;m g&igrave; hơn vẻ hữu t&igrave;nh của m&ugrave;a thu hơn vậy?</p>\r\n</div>\r\n</div>\r\n</div>', 0, 0, 2, 1),
(14, 'Khoai môn hạt sen 2 trứng 210g', 98000, 0, 'khoai-mon-hat-sen-2-trung-210g.png', '2023-10-12', '<p>Thương hiệu: Kinh Đ&ocirc;</p>\r\n<p>Loại b&aacute;nh: B&aacute;nh Nướng</p>\r\n<p>H&igrave;nh thức: 01 B&aacute;nh, Hộp Kiếng Chống Ẩm</p>\r\n<p>Khối lượng: 230 gram</p>\r\n<p>Th&agrave;nh phần: Nh&acirc;n Hỗn Hợp Khoai M&ocirc;n Hạt Sen 2 Trứng</p>\r\n<p>B&aacute;nh Nướng</p>\r\n<p>Trung thu ta lại gặp nhau ~ c&ugrave;ng chia miếng b&aacute;nh thỏa c&acirc;u &acirc;n t&igrave;nh.</p>\r\n<p>Trong hai m&oacute;n b&aacute;nh Trung Thu, b&aacute;nh nướng ch&iacute;nh l&agrave; thứ qu&agrave; căn bản nhất m&agrave; lại cầu kỳ tinh vi diệu vợi nhất.</p>\r\n<p>Cầu kỳ từ kh&acirc;u chọn loại bột m&igrave; mềm v&agrave; mịn nhất để vỏ b&aacute;nh gi&ograve;n thơm sần sật, cầu kỳ đến việc loại trứng tr&ograve;n đều mu&ocirc;n vạn quả như một, thấm muối vừa vặn, sắc sảo mặn m&agrave; m&agrave; kh&ocirc;ng l&agrave;m phiền đến vị gi&aacute;c người ăn.</p>\r\n<p>Mỗi loại b&aacute;nh từ truyền thống như nh&acirc;n Thập Cẩm, nh&acirc;n Đậu Xanh hay hiện đại như nh&acirc;n G&agrave; Quay XO, B&agrave;o Ngư, Vi C&aacute; &hellip; đều thể hiện một kỳ c&ocirc;ng bất tuyệt của người Nghệ nh&acirc;n l&agrave;m b&aacute;nh Kinh Đ&ocirc;.</p>\r\n<p>Đ&acirc;y miếng b&aacute;nh trung thu Kinh Đ&ocirc; thơm ngon, đ&acirc;y &acirc;n t&igrave;nh tr&acirc;n qu&yacute;, dưới &aacute;nh trăng thu vằng vặc ta trao nhau ch&uacute;t t&igrave;nh nghĩa mặn m&agrave; của cả một m&ugrave;a &acirc;n nghĩa, c&ograve;n l&agrave;m g&igrave; hơn vẻ hữu t&igrave;nh của m&ugrave;a thu hơn vậy?</p>', 0, 33, 2, 1),
(15, 'Đậu xanh lá dứa 2 trứng 210g', 98000, 0, 'dau-xanh-la-dua-2-trung-210g-1.png', '2023-10-12', '<p>Thương hiệu: Kinh Đ&ocirc;</p>\r\n<p>Loại b&aacute;nh: B&aacute;nh Nướng</p>\r\n<p>H&igrave;nh thức: 01 B&aacute;nh, Hộp Kiếng Chống Ẩm</p>\r\n<p>Khối lượng: 230 gram</p>\r\n<p>Th&agrave;nh phần: Nh&acirc;n Hỗn Hợp Đậu Xanh L&aacute; Dứa 2 trứng</p>\r\n<p>B&aacute;nh Nướng</p>\r\n<p>Trung thu ta lại gặp nhau ~ c&ugrave;ng chia miếng b&aacute;nh thỏa c&acirc;u &acirc;n t&igrave;nh.</p>\r\n<p>Trong hai m&oacute;n b&aacute;nh Trung Thu, b&aacute;nh nướng ch&iacute;nh l&agrave; thứ qu&agrave; căn bản nhất m&agrave; lại cầu kỳ tinh vi diệu vợi nhất.</p>\r\n<p>Cầu kỳ từ kh&acirc;u chọn loại bột m&igrave; mềm v&agrave; mịn nhất để vỏ b&aacute;nh gi&ograve;n thơm sần sật, cầu kỳ đến việc loại trứng tr&ograve;n đều mu&ocirc;n vạn quả như một, thấm muối vừa vặn, sắc sảo mặn m&agrave; m&agrave; kh&ocirc;ng l&agrave;m phiền đến vị gi&aacute;c người ăn.</p>\r\n<p>Mỗi loại b&aacute;nh từ truyền thống như nh&acirc;n Thập Cẩm, nh&acirc;n Đậu Xanh hay hiện đại như nh&acirc;n G&agrave; Quay XO, B&agrave;o Ngư, Vi C&aacute; &hellip; đều thể hiện một kỳ c&ocirc;ng bất tuyệt của người Nghệ nh&acirc;n l&agrave;m b&aacute;nh Kinh Đ&ocirc;.</p>\r\n<p>Đ&acirc;y miếng b&aacute;nh trung thu Kinh Đ&ocirc; thơm ngon, đ&acirc;y &acirc;n t&igrave;nh tr&acirc;n qu&yacute;, dưới &aacute;nh trăng thu vằng vặc ta trao nhau ch&uacute;t t&igrave;nh nghĩa mặn m&agrave; của cả một m&ugrave;a &acirc;n nghĩa, c&ograve;n l&agrave;m g&igrave; hơn vẻ hữu t&igrave;nh của m&ugrave;a thu hơn vậy?</p>', 0, 37, 2, 1),
(16, 'Đậu xanh hạt dưa 2 trứng 210g', 98000, 0, 'dau-xanh-hat-dua-2-trung-210g-1.png', '2023-10-12', '<p>Thương hiệu: Kinh Đ&ocirc; (B&aacute;nh Trung Thu Kinh Đ&ocirc;)</p>\r\n<p>Loại b&aacute;nh: B&aacute;nh Nướng</p>\r\n<p>H&igrave;nh thức: 01 B&aacute;nh, Hộp Kiếng Chống Ẩm</p>\r\n<p>Khối lượng: 230 gram</p>\r\n<p>Th&agrave;nh phần: Nh&acirc;n Hỗn Hợp Đậu Xanh Hạt Dưa 2 Trứng</p>\r\n<p>B&aacute;nh Nướng</p>\r\n<p>Trung thu ta lại gặp nhau ~ c&ugrave;ng chia miếng b&aacute;nh thỏa c&acirc;u &acirc;n t&igrave;nh.</p>\r\n<p>Trong hai m&oacute;n b&aacute;nh Trung Thu, b&aacute;nh nướng ch&iacute;nh l&agrave; thứ qu&agrave; căn bản nhất m&agrave; lại cầu kỳ tinh vi diệu vợi nhất.</p>\r\n<p>Cầu kỳ từ kh&acirc;u chọn loại bột m&igrave; mềm v&agrave; mịn nhất để vỏ b&aacute;nh gi&ograve;n thơm sần sật, cầu kỳ đến việc loại trứng tr&ograve;n đều mu&ocirc;n vạn quả như một, thấm muối vừa vặn, sắc sảo mặn m&agrave; m&agrave; kh&ocirc;ng l&agrave;m phiền đến vị gi&aacute;c người ăn.</p>\r\n<p>Mỗi loại b&aacute;nh từ truyền thống như nh&acirc;n Thập Cẩm, nh&acirc;n Đậu Xanh hay hiện đại như nh&acirc;n G&agrave; Quay XO, B&agrave;o Ngư, Vi C&aacute; &hellip; đều thể hiện một kỳ c&ocirc;ng bất tuyệt của người Nghệ nh&acirc;n l&agrave;m b&aacute;nh Kinh Đ&ocirc;.</p>\r\n<p>Đ&acirc;y miếng b&aacute;nh trung thu Kinh Đ&ocirc; thơm ngon, đ&acirc;y &acirc;n t&igrave;nh tr&acirc;n qu&yacute;, dưới &aacute;nh trăng thu vằng vặc ta trao nhau ch&uacute;t t&igrave;nh nghĩa mặn m&agrave; của cả một m&ugrave;a &acirc;n nghĩa, c&ograve;n l&agrave;m g&igrave; hơn vẻ hữu t&igrave;nh của m&ugrave;a thu hơn vậy?</p>', 0, 0, 2, 1),
(17, 'Hạt sen trà xanh 2 trứng 210g', 102000, 0, 'hat-sen-tra-xanh-2-trung-210g-1.png', '2023-10-12', '<p>Thương hiệu: Kinh Đ&ocirc;</p>\r\n<p>Loại b&aacute;nh: B&aacute;nh Nướng (banh trung thu kinh do)</p>\r\n<p>H&igrave;nh thức: 01 B&aacute;nh, Hộp Kiếng Chống Ẩm</p>\r\n<p>Khối lượng: 230 gram</p>\r\n<p>Th&agrave;nh phần: Nh&acirc;n Hỗn Hợp Sữa Dừa Hạt Dưa 2 trứng</p>\r\n<p>B&aacute;nh Nướng</p>\r\n<p>Trung thu ta lại gặp nhau ~ c&ugrave;ng chia miếng b&aacute;nh thỏa c&acirc;u &acirc;n t&igrave;nh.</p>\r\n<p>Trong hai m&oacute;n b&aacute;nh Trung Thu, b&aacute;nh nướng ch&iacute;nh l&agrave; thứ qu&agrave; căn bản nhất m&agrave; lại cầu kỳ tinh vi diệu vợi nhất.</p>\r\n<p>Cầu kỳ từ kh&acirc;u chọn loại bột m&igrave; mềm v&agrave; mịn nhất để vỏ b&aacute;nh gi&ograve;n thơm sần sật, cầu kỳ đến việc loại trứng tr&ograve;n đều mu&ocirc;n vạn quả như một, thấm muối vừa vặn, sắc sảo mặn m&agrave; m&agrave; kh&ocirc;ng l&agrave;m phiền đến vị gi&aacute;c người ăn.</p>\r\n<p>Mỗi loại b&aacute;nh từ truyền thống như nh&acirc;n Thập Cẩm, nh&acirc;n Đậu Xanh hay hiện đại như nh&acirc;n G&agrave; Quay XO, B&agrave;o Ngư, Vi C&aacute; &hellip; đều thể hiện một kỳ c&ocirc;ng bất tuyệt của người Nghệ nh&acirc;n l&agrave;m b&aacute;nh Kinh Đ&ocirc;.</p>\r\n<p>Đ&acirc;y miếng b&aacute;nh trung thu Kinh Đ&ocirc; thơm ngon, đ&acirc;y &acirc;n t&igrave;nh tr&acirc;n qu&yacute;, dưới &aacute;nh trăng thu vằng vặc ta trao nhau ch&uacute;t t&igrave;nh nghĩa mặn m&agrave; của cả một m&ugrave;a &acirc;n nghĩa, c&ograve;n l&agrave;m g&igrave; hơn vẻ hữu t&igrave;nh của m&ugrave;a thu hơn vậy?</p>', 0, 7, 2, 1),
(18, 'Hạt sen dừa tươi 2 trứng 210g', 102000, 0, 'hat-sen-dua-tuoi-2-trung-210g-1.png', '2023-10-12', '<p>Thương hiệu: Kinh Đ&ocirc; (b&aacute;nh trung thu Kinh Đ&ocirc;)</p>\r\n<p>Loại b&aacute;nh: B&aacute;nh Nướng</p>\r\n<p>H&igrave;nh thức: 01 B&aacute;nh, Hộp Kiếng Chống Ẩm</p>\r\n<p>Khối lượng: 230 gram</p>\r\n<p>Th&agrave;nh phần: Nh&acirc;n Hỗn Hợp Hạt Sen Dừa Tươi 2 Trứng</p>\r\n<p>B&aacute;nh Nướng</p>\r\n<p>Trung thu ta lại gặp nhau ~ c&ugrave;ng chia miếng b&aacute;nh thỏa c&acirc;u &acirc;n t&igrave;nh.</p>\r\n<p>Trong hai m&oacute;n b&aacute;nh Trung Thu, b&aacute;nh nướng ch&iacute;nh l&agrave; thứ qu&agrave; căn bản nhất m&agrave; lại cầu kỳ tinh vi diệu vợi nhất.</p>\r\n<p>Cầu kỳ từ kh&acirc;u chọn loại bột m&igrave; mềm v&agrave; mịn nhất để vỏ b&aacute;nh gi&ograve;n thơm sần sật, cầu kỳ đến việc loại trứng tr&ograve;n đều mu&ocirc;n vạn quả như một, thấm muối vừa vặn, sắc sảo mặn m&agrave; m&agrave; kh&ocirc;ng l&agrave;m phiền đến vị gi&aacute;c người ăn.</p>\r\n<p>Mỗi loại b&aacute;nh từ truyền thống như nh&acirc;n Thập Cẩm, nh&acirc;n Đậu Xanh hay hiện đại như nh&acirc;n G&agrave; Quay XO, B&agrave;o Ngư, Vi C&aacute; &hellip; đều thể hiện một kỳ c&ocirc;ng bất tuyệt của người Nghệ nh&acirc;n l&agrave;m b&aacute;nh Kinh Đ&ocirc;.</p>\r\n<p>Đ&acirc;y miếng b&aacute;nh trung thu Kinh Đ&ocirc; thơm ngon, đ&acirc;y &acirc;n t&igrave;nh tr&acirc;n qu&yacute;, dưới &aacute;nh trăng thu vằng vặc ta trao nhau ch&uacute;t t&igrave;nh nghĩa mặn m&agrave; của cả một m&ugrave;a &acirc;n nghĩa, c&ograve;n l&agrave;m g&igrave; hơn vẻ hữu t&igrave;nh của m&ugrave;a thu hơn vậy?</p>', 0, 0, 2, 1),
(19, 'Lạp xưởng ngũ hạt 2 trứng 210g', 122000, 0, 'lap-xuong-ngu-hat-2-trung-210g-1.png', '2023-10-12', '<p>Thương hiệu: Kinh Đ&ocirc; (b&aacute;nh trung thu Kinh Đ&ocirc;)</p>\r\n<p>Loại b&aacute;nh: B&aacute;nh Nướng</p>\r\n<p>H&igrave;nh thức: 01 B&aacute;nh, Hộp Kiếng Chống Ẩm</p>\r\n<p>Khối lượng: 230 gram</p>\r\n<p>Th&agrave;nh phần: Nh&acirc;n Hỗn Hợp Lạp xưởng Ngũ Hạt 2 Trứng</p>\r\n<p>B&aacute;nh Nướng</p>\r\n<p>Trung thu ta lại gặp nhau ~ c&ugrave;ng chia miếng b&aacute;nh thỏa c&acirc;u &acirc;n t&igrave;nh.</p>\r\n<p>Trong hai m&oacute;n b&aacute;nh Trung Thu, b&aacute;nh nướng ch&iacute;nh l&agrave; thứ qu&agrave; căn bản nhất m&agrave; lại cầu kỳ tinh vi diệu vợi nhất.</p>\r\n<p>Cầu kỳ từ kh&acirc;u chọn loại bột m&igrave; mềm v&agrave; mịn nhất để vỏ b&aacute;nh gi&ograve;n thơm sần sật, cầu kỳ đến việc loại trứng tr&ograve;n đều mu&ocirc;n vạn quả như một, thấm muối vừa vặn, sắc sảo mặn m&agrave; m&agrave; kh&ocirc;ng l&agrave;m phiền đến vị gi&aacute;c người ăn.</p>\r\n<p>Mỗi loại b&aacute;nh từ truyền thống như nh&acirc;n Thập Cẩm, nh&acirc;n Đậu Xanh hay hiện đại như nh&acirc;n G&agrave; Quay XO, B&agrave;o Ngư, Vi C&aacute; &hellip; đều thể hiện một kỳ c&ocirc;ng bất tuyệt của người Nghệ nh&acirc;n l&agrave;m b&aacute;nh Kinh Đ&ocirc;.</p>\r\n<p>Đ&acirc;y miếng b&aacute;nh trung thu Kinh Đ&ocirc; thơm ngon, đ&acirc;y &acirc;n t&igrave;nh tr&acirc;n qu&yacute;, dưới &aacute;nh trăng thu vằng vặc ta trao nhau ch&uacute;t t&igrave;nh nghĩa mặn m&agrave; của cả một m&ugrave;a &acirc;n nghĩa, c&ograve;n l&agrave;m g&igrave; hơn vẻ hữu t&igrave;nh của m&ugrave;a thu hơn vậy?</p>', 0, 0, 2, 1),
(20, 'Jambon xá xíu 2 trứng 210g', 122000, 0, 'jambon-xa-xiu-2-trung-210g-1.png', '2023-10-12', '<p>Thương hiệu: Kinh Đ&ocirc; (b&aacute;nh trung thu Kinh Đ&ocirc;)</p>\r\n<p>Loại b&aacute;nh: B&aacute;nh Nướng</p>\r\n<p>H&igrave;nh thức: 01 B&aacute;nh, Hộp Kiếng Chống Ẩm</p>\r\n<p>Khối lượng: 230 gram</p>\r\n<p>Th&agrave;nh phần: Nh&acirc;n Hỗn Hợp Jambon X&aacute; X&iacute;u 2 Trứng</p>\r\n<p>B&aacute;nh Nướng</p>\r\n<p>Trung thu ta lại gặp nhau ~ c&ugrave;ng chia miếng b&aacute;nh thỏa c&acirc;u &acirc;n t&igrave;nh.</p>\r\n<p>Trong hai m&oacute;n b&aacute;nh Trung Thu, b&aacute;nh nướng ch&iacute;nh l&agrave; thứ qu&agrave; căn bản nhất m&agrave; lại cầu kỳ tinh vi diệu vợi nhất.</p>\r\n<p>Cầu kỳ từ kh&acirc;u chọn loại bột m&igrave; mềm v&agrave; mịn nhất để vỏ b&aacute;nh gi&ograve;n thơm sần sật, cầu kỳ đến việc loại trứng tr&ograve;n đều mu&ocirc;n vạn quả như một, thấm muối vừa vặn, sắc sảo mặn m&agrave; m&agrave; kh&ocirc;ng l&agrave;m phiền đến vị gi&aacute;c người ăn.</p>\r\n<p>Mỗi loại b&aacute;nh từ truyền thống như nh&acirc;n Thập Cẩm, nh&acirc;n Đậu Xanh hay hiện đại như nh&acirc;n G&agrave; Quay XO, B&agrave;o Ngư, Vi C&aacute; &hellip; đều thể hiện một kỳ c&ocirc;ng bất tuyệt của người Nghệ nh&acirc;n l&agrave;m b&aacute;nh Kinh Đ&ocirc;.</p>\r\n<p>Đ&acirc;y miếng b&aacute;nh trung thu Kinh Đ&ocirc; thơm ngon, đ&acirc;y &acirc;n t&igrave;nh tr&acirc;n qu&yacute;, dưới &aacute;nh trăng thu vằng vặc ta trao nhau ch&uacute;t t&igrave;nh nghĩa mặn m&agrave; của cả một m&ugrave;a &acirc;n nghĩa, c&ograve;n l&agrave;m g&igrave; hơn vẻ hữu t&igrave;nh của m&ugrave;a thu hơn vậy?</p>', 0, 0, 2, 1),
(21, 'Gà quay sốt XO 2 trứng 210g', 137000, 0, 'ga-quay-sot-xo-2-trung-210g-1.png', '2023-10-12', '<p>Thương hiệu: Kinh Đ&ocirc; (b&aacute;nh trung thu)</p>\r\n<p>Loại b&aacute;nh: B&aacute;nh Nướng</p>\r\n<p>H&igrave;nh thức: 01 B&aacute;nh, Hộp Kiếng Chống Ẩm</p>\r\n<p>Khối lượng: 230 gram</p>\r\n<p>Th&agrave;nh phần: Nh&acirc;n Hỗn Hợp G&agrave; Quay Sốt X.O, 2 Trứng</p>\r\n<p>B&aacute;nh Nướng</p>\r\n<p>Trung thu ta lại gặp nhau ~ c&ugrave;ng chia miếng b&aacute;nh thỏa c&acirc;u &acirc;n t&igrave;nh.</p>\r\n<p>Trong hai m&oacute;n b&aacute;nh Trung Thu, b&aacute;nh nướng ch&iacute;nh l&agrave; thứ qu&agrave; căn bản nhất m&agrave; lại cầu kỳ tinh vi diệu vợi nhất.</p>\r\n<p>Cầu kỳ từ kh&acirc;u chọn loại bột m&igrave; mềm v&agrave; mịn nhất để vỏ b&aacute;nh gi&ograve;n thơm sần sật, cầu kỳ đến việc loại trứng tr&ograve;n đều mu&ocirc;n vạn quả như một, thấm muối vừa vặn, sắc sảo mặn m&agrave; m&agrave; kh&ocirc;ng l&agrave;m phiền đến vị gi&aacute;c người ăn.</p>\r\n<p>Mỗi loại b&aacute;nh từ truyền thống như nh&acirc;n Thập Cẩm, nh&acirc;n Đậu Xanh hay hiện đại như nh&acirc;n G&agrave; Quay XO, B&agrave;o Ngư, Vi C&aacute; &hellip; đều thể hiện một kỳ c&ocirc;ng bất tuyệt của người Nghệ nh&acirc;n l&agrave;m b&aacute;nh Kinh Đ&ocirc;.</p>\r\n<p>Đ&acirc;y miếng b&aacute;nh trung thu Kinh Đ&ocirc; thơm ngon, đ&acirc;y &acirc;n t&igrave;nh tr&acirc;n qu&yacute;, dưới &aacute;nh trăng thu vằng vặc ta trao nhau ch&uacute;t t&igrave;nh nghĩa mặn m&agrave; của cả một m&ugrave;a &acirc;n nghĩa, c&ograve;n l&agrave;m g&igrave; hơn vẻ hữu t&igrave;nh của m&ugrave;a thu hơn vậy?</p>', 0, 0, 2, 1),
(22, 'Bào ngư (2 Trứng Đb) 230g', 165000, 0, 'bao-ngu-2-trung-db-230g-1.png', '2023-10-12', '<p>Thương hiệu: Kinh Đ&ocirc;</p>\r\n<p>Loại b&aacute;nh: B&aacute;nh Nướng</p>\r\n<p>H&igrave;nh thức: 01 B&aacute;nh, Hộp Kiếng Chống Ẩm</p>\r\n<p>Khối lượng: 230 gram</p>\r\n<p>Th&agrave;nh phần:</p>\r\n<p>B&aacute;nh Nướng</p>\r\n<p>Trung thu ta lại gặp nhau ~ c&ugrave;ng chia miếng b&aacute;nh thỏa c&acirc;u &acirc;n t&igrave;nh.</p>\r\n<p>Trong hai m&oacute;n b&aacute;nh Trung Thu, b&aacute;nh nướng ch&iacute;nh l&agrave; thứ qu&agrave; căn bản nhất m&agrave; lại cầu kỳ tinh vi diệu vợi nhất.</p>\r\n<p>Cầu kỳ từ kh&acirc;u chọn loại bột m&igrave; mềm v&agrave; mịn nhất để vỏ b&aacute;nh gi&ograve;n thơm sần sật, cầu kỳ đến việc loại trứng tr&ograve;n đều mu&ocirc;n vạn quả như một, thấm muối vừa vặn, sắc sảo mặn m&agrave; m&agrave; kh&ocirc;ng l&agrave;m phiền đến vị gi&aacute;c người ăn.</p>\r\n<p>Mỗi loại b&aacute;nh từ truyền thống như nh&acirc;n Thập Cẩm, nh&acirc;n Đậu Xanh hay hiện đại như nh&acirc;n G&agrave; Quay XO, B&agrave;o Ngư, Vi C&aacute; &hellip; đều thể hiện một kỳ c&ocirc;ng bất tuyệt của người Nghệ nh&acirc;n l&agrave;m b&aacute;nh Kinh Đ&ocirc;.</p>\r\n<p>Đ&acirc;y miếng b&aacute;nh trung thu Kinh Đ&ocirc; thơm ngon, đ&acirc;y &acirc;n t&igrave;nh tr&acirc;n qu&yacute;, dưới &aacute;nh trăng thu vằng vặc ta trao nhau ch&uacute;t t&igrave;nh nghĩa mặn m&agrave; của cả một m&ugrave;a &acirc;n nghĩa, c&ograve;n l&agrave;m g&igrave; hơn vẻ hữu t&igrave;nh của m&ugrave;a thu hơn vậy?</p>', 0, 0, 2, 1),
(23, 'Bánh chay mè đen hạt dưa', 75000, 0, 'banh-chay-me-den-hat-dua.png', '2023-10-12', '<p>Thương hiệu: b&aacute;nh trung thu Kinh Đ&ocirc;</p>\r\n<p>Loại b&aacute;nh: B&aacute;nh Chay</p>\r\n<p>H&igrave;nh thức: 01 b&aacute;nh, hộp kiếng chống ẩm</p>\r\n<p>Khối lượng: 150 gram</p>\r\n<p>Th&agrave;nh phần: nh&acirc;n hỗn hợp m&egrave; đen hạt dưa.&nbsp;</p>\r\n<p>Trung thu kh&ocirc;ng chỉ l&agrave; ng&agrave;y lễ hội th&ocirc;ng thường nữa m&agrave; n&oacute; đ&atilde; trở th&agrave;nh một ng&agrave;y tết lớn trong năm. L&agrave; thời khắc để con ch&aacute;u b&aacute;o hiếu &ocirc;ng b&agrave;, l&agrave; l&uacute;c để gia đinh c&ugrave;ng nhau tr&ocirc;ng trăng ph&aacute; cỗ trong những ph&uacute;t gi&acirc;y kh&ocirc;ng thể n&agrave;o qu&ecirc;n.</p>\r\n<p>Những hộp b&aacute;nh Trung Thu như những lời cảm ơn m&agrave; kh&ocirc;ng thời khắc n&agrave;o tốt hơn để b&agrave;y tỏ. Tết Trung Thu trở th&agrave;nh dịp Tết để mọi người chia sẻ nhiều hơn, đ&oacute;n nhận nhiều hơn v&agrave; gần nhau nhiều hơn.</p>\r\n<p>Tết Trung Thu l&agrave; ng&agrave;y tết lớn trong năm, người Việt Nam rất coi trọng truyền thống trong mỗi dịp tết nhất hội h&egrave; lại c&oacute; những m&oacute;n ăn đặc trưng, Những hộp b&aacute;nh Trung Thu Kinh Đ&ocirc; như những lời cảm ơn m&agrave; kh&ocirc;ng thời khắc n&agrave;o tốt hơn để b&agrave;y tỏ. Tết Trung Thu trở th&agrave;nh dịp Tết để mọi người chia sẻ nhiều hơn, đ&oacute;n nhận nhiều hơn v&agrave; gần nhau nhiều hơn.</p>\r\n<p>B&aacute;nh trung thu Kinh Đ&ocirc; năm nay c&oacute; rất nhiều loại mới với những mẫu thiết kế ấn tượng, sang trọng nhưng vẫn tinh tế v&agrave; thanh lịch. Ch&uacute;ng t&ocirc;i tin rằng qu&yacute; kh&aacute;ch sẽ rất h&agrave;i l&ograve;ng khi đến với dịch vụ v&agrave; sản phẩm tại đ&acirc;y.</p>\r\n<p>V&igrave; một m&ugrave;a trung thu ấm c&uacute;ng, trọn vẹn, h&atilde;y c&ugrave;ng lan tỏa!</p>', 0, 14, 3, 1),
(24, 'Bánh chay đậu xanh hạnh nhân', 75000, 0, 'banh-chay-dau-xanh-hanh-nhan.png', '2023-10-12', '<p>Thương hiệu: b&aacute;nh trung thu Kinh Đ&ocirc;</p>\r\n<p>Loại b&aacute;nh: B&aacute;nh chay</p>\r\n<p>H&igrave;nh thức: 01 b&aacute;nh, hộp kiếng chống ẩm</p>\r\n<p>Khối lượng: 150 gram</p>\r\n<p>Th&agrave;nh phần: nh&acirc;n hỗn Đậu xanh hạnh nh&acirc;n</p>\r\n<p>B&aacute;nh Trung Thu Kinh Đ&ocirc; kh&ocirc;ng thể thiếu trong m&acirc;m cỗ Tết Trung thu, hơn nữa đ&acirc;y l&agrave; m&oacute;n qu&agrave; đặc trưng v&agrave; &yacute; nghĩa nhất kh&ocirc;ng thể thay thế được.</p>\r\n<p>B&aacute;nh trung thu Kinh Đ&ocirc; lu&ocirc;n l&agrave; sự lựa chọn tuyệt vời cho mọi gia đ&igrave;nh. B&aacute;nh trung thu Kinh Đ&ocirc; với sự đa dạng về kiểu d&aacute;ng, thiết kế tinh tế, sang trọng, chất lựơng được đảm bảo với uy t&iacute;n của nh&agrave; sản xuất nổi tiếng số 1 Việt Nam, ch&uacute;ng t&ocirc;i tin chắc rằng qu&yacute; kh&aacute;ch sẽ rất h&agrave;i l&ograve;ng khi đến với dịch vụ v&agrave; sản phẩm tại đ&acirc;y.</p>\r\n<p>Năm nay ch&uacute;ng t&ocirc;i cung cấp tất cả c&aacute;c d&ograve;ng b&aacute;nh trung thu Kinh Đ&ocirc;. Với sự đa dạng về chủng loại, kiểu d&aacute;ng sang trọng, chất lượng h&agrave;ng đầu Việt Nam th&iacute;ch hợp với việc l&agrave;m qu&agrave; tặng cho &ocirc;ng b&agrave;, cha mẹ, bạn b&egrave;, đồng nghiệp v&agrave; c&aacute;c đối t&aacute;c kinh doanh. Đ&oacute; l&agrave; một m&oacute;n qu&agrave; thật &yacute; nghĩa thể hiện t&igrave;nh cảm s&acirc;u sắc, l&ograve;ng tri &acirc;n m&agrave; kh&ocirc;ng lời n&agrave;o c&oacute; thể thay thế được.</p>\r\n<p>V&igrave; một m&ugrave;a trung thu ấm c&uacute;ng, trọn vẹn, h&atilde;y c&ugrave;ng lan tỏa!</p>', 0, 18, 3, 1),
(25, 'Hạt sen hạt chia', 75000, 0, 'hat-sen-hat-chia.png', '2023-10-12', '<p>Thương hiệu: b&aacute;nh trung thu Kinh Đ&ocirc;</p>\r\n<p>Loại b&aacute;nh: B&aacute;nh chay</p>\r\n<p>H&igrave;nh thức: 01 b&aacute;nh, hộp kiếng chống ẩm</p>\r\n<p>Khối lượng: 150 gram</p>\r\n<p>Th&agrave;nh phần: nh&acirc;n hỗn hợp hạt sen hạt chia.</p>\r\n<p>Hương vị b&ugrave;i của hạt sen cộng với hương vị thơm ngon bổ dưỡng của hạt chia đ&atilde; tạo n&ecirc;n hương vị đặc biệt của chiếc b&aacute;nh xanh kinh đ&ocirc; hạt sen hạt chia, thật ấm &aacute;p khi c&ugrave;ng thưởng thức chiếc b&aacute;nh n&agrave;y v&agrave;o dịp tết trung thu.</p>\r\n<p>Đại l&yacute; B&aacute;nh Trung Thu Kinh Đ&ocirc; xin đồng h&agrave;nh c&ugrave;ng với mọi gia đ&igrave;nh trong dịp tết trung thu c&ocirc;ng ty ch&uacute;ng t&ocirc;i đ&atilde; mang đến những bộ sản phẩm B&aacute;nh trung thu Kinh Đ&ocirc; hảo hạng cao cấp ph&ugrave; hợp với mọi đối tượng, lứa tuổi, sở th&iacute;ch, với mức gi&aacute; cả ph&ugrave; hợp phải chăng tốt nhất thị trường sẽ mang đến cho bạn một bầu kh&ocirc;ng kh&iacute; v&agrave; một &yacute; nghĩa nh&acirc;n văn s&acirc;u sắc của dịp lễ trung thu. Đến với ch&uacute;ng t&ocirc;i ch&iacute;nh l&agrave; bạn đến với sự h&agrave;i l&ograve;ng, an t&acirc;m nhất của ch&iacute;nh m&igrave;nh!!!</p>\r\n<p>B&aacute;nh Trung Thu Kinh Đ&ocirc; kh&ocirc;ng thể thiếu trong dịp Tết Trung thu, hơn nữa đ&acirc;y l&agrave; m&oacute;n qu&agrave; đặc trưng v&agrave; &yacute; nghĩa nhất kh&ocirc;ng thể thay thế được.</p>\r\n<p>V&igrave; một m&ugrave;a trung thu ấm c&uacute;ng, trọn vẹn, h&atilde;y c&ugrave;ng lan tỏa!</p>', 0, 29, 3, 1),
(26, 'Gà quay jambon (150gr)', 82000, 20, 'ga-quay-jambon-150gr.png', '2023-10-11', '<p>Thương hiệu: b&aacute;nh trung thu Kinh Đ&ocirc;</p>\r\n<p>Loại b&aacute;nh: B&aacute;nh nướng 1 trứng</p>\r\n<p>H&igrave;nh thức: 01 b&aacute;nh, hộp kiếng chống ẩm</p>\r\n<p>Khối lượng: 150 gram</p>\r\n<p>Th&agrave;nh phần: Nh&acirc;n hỗn hợp g&agrave; quay v&agrave; jambon, c&oacute; 1 trứng</p>\r\n<p>B&aacute;nh được kết hợp từ hương vị thơm ngon của g&agrave; h&ograve;a quyện c&ugrave;ng c&aacute;c vị thảo dược truyền thống đ&atilde; l&agrave;m dậy l&ecirc;n hương vị thơm ngon kh&oacute; qu&ecirc;n của b&aacute;nh trung thu G&agrave; quay Jambon. Từng chiếc b&aacute;nh trung thu Kinh Đ&ocirc; l&agrave; sự kết hợp độc đ&aacute;o c&aacute;c nguyện liệu, hương vị mới lạ, m&agrave;u sắc tự nhiện v&oacute;ng &oacute;ng tạo n&ecirc;n một t&aacute;c phẩm nghệ thuật độc đ&aacute;o.</p>\r\n<p>D&ugrave; vật đổi sao dời th&igrave; những ph&uacute;t gi&acirc;y qu&acirc;y quần thưởng thức b&aacute;nh trung thu c&ugrave;ng gia đ&igrave;nh, bạn b&egrave; th&acirc;n thiết dưới &aacute;nh trăng rằm vằng vặc lu&ocirc;n l&agrave; những điều m&agrave; bất kỳ ai cũng n&acirc;ng niu v&agrave; tr&acirc;n trọng.</p>\r\n<p>V&igrave; một m&ugrave;a trung thu ấm c&uacute;ng, trọn vẹn, h&atilde;y c&ugrave;ng lan tỏa!</p>', 1, 2, 4, 1),
(27, 'Hạt sen 1 trứng (150gr)', 67000, 10, 'hat-sen-1-trung-150gr.png', '2023-10-11', '<p>Thương hiệu: b&aacute;nh trung thu Kinh Đ&ocirc;</p>\r\n<p>Loại b&aacute;nh: B&aacute;nh nướng 1 trứng</p>\r\n<p>H&igrave;nh thức: 01 b&aacute;nh, hộp kiếng chống ẩm</p>\r\n<p>Khối lượng: 150 gram</p>\r\n<p>Th&agrave;nh phần: nh&acirc;n hỗn hợp hạt sen, c&oacute; 1 trứng</p>\r\n<p>Hạt sen c&oacute; t&aacute;c dụng k&iacute;ch th&iacute;ch ăn ngon, hấp thụ tốt c&aacute;c chất dinh dưỡng, dưỡng thần, tăng kh&iacute; huyết, gi&uacute;p ngủ ngon, phục hồi sức khỏe. Trước kia Hạt sen rất được c&aacute;c Vua Ch&uacute;a ưa chuộng, đặc biệt ở Huế, v&ugrave;ng đất nổi tiếng về sen. Ng&agrave;y nay, hạt sen được đưa v&agrave;o b&aacute;nh trung thu kinh đ&ocirc;, bạn c&oacute; thể thưởng thức được hương vị tinh t&uacute;y của n&oacute; qua b&aacute;nh trung thu kinh đ&ocirc; hạt Sen 1 trứng.</p>\r\n<p>Đi khắp rằng v&agrave;ng biển bạc, nghệ nh&acirc;n B&aacute;nh Trung thu Kinh Đ&ocirc; hằng trăn trở: t&igrave;m sao cho được m&oacute;n qu&agrave; cao qu&yacute; tương xứng mối giao hảo th&acirc;m t&igrave;nh kh&ocirc;ng b&uacute;t nghi&ecirc;n n&agrave;o tả xiết. Một miếng b&aacute;nh m&agrave; chan chứa cảm t&igrave;nh, y&ecirc;u thương đủ đầy. B&aacute;nh trung thu kinh đ&ocirc; hạt sen sẽ gi&uacute;p bạn chứa đựng được những diều cao qu&yacute; đ&oacute;.</p>\r\n<p>V&igrave; một m&ugrave;a trung thu ấm c&uacute;ng, trọn vẹn, h&atilde;y c&ugrave;ng lan tỏa!</p>', 1, 2, 4, 1),
(28, 'Hạt sen trà xanh 1 trứng (150gr)', 67000, 10, 'hat-sen-tra-xanh-1-trung-150gr.png', '2023-10-11', '<p>Thương hiệu: Kinh Đ&ocirc;</p>\r\n<p>Loại b&aacute;nh: B&aacute;nh nướng</p>\r\n<p>H&igrave;nh thức: 01 b&aacute;nh, hộp kiếng chống ẩm</p>\r\n<p>Khối lượng: 150 gram</p>\r\n<p>Th&agrave;nh phần: nh&acirc;n hỗn hợp tr&agrave; xanh v&agrave; hạt sen, c&oacute; 1 trứng</p>\r\n<p>Hạt sen gi&agrave;u h&agrave;m lượng protein, magi&ecirc;, kali v&agrave; phốt pho lại kh&ocirc;ng chứa đường rất tốt cho cơ thể, hương vị thơm ngon hợp với sở th&iacute;ch của nhiều người. B&aacute;nh trung thu kinh đ&ocirc; hạt sen tr&agrave; xanh Nh&acirc;n hỗn hộp từ hạt sen v&agrave; tr&agrave; xanh, c&oacute; 1 trứng. Đ&acirc;y l&agrave; sự kết hợp độc đ&aacute;o v&agrave; tao nh&atilde;. Hạt sen tr&ograve;n được ướp với tinh chất tr&agrave; xanh v&agrave; b&uacute;p tr&agrave; non xay nhuyễn, tạo n&ecirc;n một vị ngọt thanh, đậm đ&agrave; dễ chịu, gi&uacute;p bạn cảm nhận được sự tinh khiết v&agrave; tự nhi&ecirc;n khi thưởng thức.</p>\r\n<p>M&acirc;m cỗ Trung Thu nhất định phải c&oacute; B&aacute;nh trung thu. Vậy n&ecirc;n, từ tấm b&aacute;nh nướng giản dị nh&acirc;n đậu xanh l&ograve;ng đỏ trứng muối, nghệ nh&acirc;n Kinh Đ&ocirc; kỳ c&ocirc;ng chế biến chiếc b&aacute;nh ch&acirc;n phương ấy th&agrave;nh mỹ vị d&acirc;n tộc Việt. Một miếng b&aacute;nh m&agrave; chan chứa cảm t&igrave;nh, một l&aacute;t mỏng th&ocirc;i m&agrave; tinh tế đủ đầy, trọn vẹn &acirc;n t&igrave;nh.</p>\r\n<p>V&igrave; một m&ugrave;a trung thu ấm c&uacute;ng, trọn vẹn, h&atilde;y c&ugrave;ng lan tỏa!</p>', 1, 3, 4, 1),
(29, 'Khoai môn 1 trứng (150gr)', 64000, 10, 'khoai-mon-1-trung-150gr.png', '2023-10-11', '<p>Thương hiệu: b&aacute;nh trung thu Kinh Đ&ocirc;</p>\r\n<p>Loại b&aacute;nh: B&aacute;nh nướng 1 trứng</p>\r\n<p>H&igrave;nh thức: 01 b&aacute;nh, hộp kiếng chống ẩm</p>\r\n<p>Khối lượng: 150 gram</p>\r\n<p>Th&agrave;nh phần: nh&acirc;n hỗn hợp khoai m&ocirc;n, c&oacute; 1 trứng</p>\r\n<p>Nh&acirc;n B&aacute;nh trung thu Khoai m&ocirc;n 1 trứng được l&agrave;m tổng hợp từ khoai m&ocirc;n c&oacute; 1 trứng. N&oacute; kh&ocirc;ng phải một loại b&aacute;nh đơn thuần m&agrave; l&agrave; h&agrave;i h&ograve;a giữa tinh hoa của đất trời v&agrave; người l&agrave;m b&aacute;nh. Qua sự tinh chế rất c&ocirc;ng phu từ những củ khoai m&ocirc;n đ&atilde; được chọn lựa lĩ lưỡng, mang lại những chiếc b&aacute;nh ho&agrave;n mỹ nhất.</p>\r\n<p>Khoai m&ocirc;n c&oacute; thể cung cấp nhiều vitamin cho cơ thể hơn cả rau xanh, hoa quả. Ngo&agrave;i ra khoai m&ocirc;n c&ograve;n c&oacute; thể gi&uacute;p chữa 1 số bệnh như đ&aacute;i th&aacute;o đường, bệnh thận, vi&ecirc;m khớp, u hạch.</p>\r\n<p>D&ugrave; vật đổi sao dời th&igrave; những ph&uacute;t gi&acirc;y qu&acirc;y quần thưởng thức b&aacute;nh trung thu c&ugrave;ng gia đ&igrave;nh, bạn b&egrave; th&acirc;n thiết dưới &aacute;nh trăng rằm vằng vặc lu&ocirc;n l&agrave; những điều m&agrave; bất kỳ ai cũng n&acirc;ng niu v&agrave; tr&acirc;n trọng.</p>\r\n<p>D&ograve;ng b&aacute;nh nướng truyền thống của Kinh Đ&ocirc; tự h&ograve;a vẫn lu&ocirc;n mang trong m&igrave;nh &yacute; nghĩa như vậy &ndash; C&oacute; những điều l&agrave; m&atilde;i m&atilde;i!</p>\r\n<p>V&igrave; một m&ugrave;a trung thu ấm c&uacute;ng, trọn vẹn, h&atilde;y c&ugrave;ng lan tỏa!</p>', 1, 4, 4, 1);
INSERT INTO `products` (`product_id`, `product_name`, `price`, `sale`, `product_image`, `create_date`, `description`, `special`, `view`, `category_id`, `user_id`) VALUES
(30, 'Sầu riêng 1 trứng (150gr)', 67000, 10, 'sau-rieng-1-trung-150gr.png', '2023-10-11', '<p>Thương hiệu: b&aacute;nh trung thu Kinh Đ&ocirc;</p>\r\n<p>Loại b&aacute;nh: B&aacute;nh nướng 1 trứng</p>\r\n<p>H&igrave;nh thức: 01 b&aacute;nh, hộp kiếng chống ẩm</p>\r\n<p>Khối lượng: 150 gram</p>\r\n<p>Th&agrave;nh phần: nh&acirc;n hỗn hợp sầu ri&ecirc;ng v&agrave; 1 trứng</p>\r\n<p>B&aacute;nh nướng kinh đ&ocirc; sầu ri&ecirc;ng 1 trứng : B&aacute;nh nướng sầu ri&ecirc;ng với th&agrave;nh phần ch&iacute;nh l&agrave; sầu ri&ecirc;ng c&ugrave;ng với hạt sen v&agrave; lớp vỏ b&aacute;nh nướng b&ecirc;n ngo&agrave;i, vị ngọt thanh của sầu ri&ecirc;ng mang đến cảm gi&aacute;c lạ miệng độc đ&aacute;o động lại trong miệng, nếu thưởng thức b&aacute;nh c&ugrave;ng một ấm tr&agrave; n&oacute;ng vị đắng nhẹ th&igrave; c&ograve;n g&igrave; bằng.</p>\r\n<p>Kinh Đ&ocirc; vinh dự c&oacute; mặt trong m&acirc;m cỗ trung thu của mọi gia đ&igrave;nh, Kinh Đ&ocirc; ch&acirc;n th&agrave;nh cảm ơn qu&yacute; kh&aacute;ch đ&atilde; lu&ocirc;n tin tưởng, ủng hộ v&agrave; đồng h&agrave;nh c&ugrave;ng ch&uacute;ng t&ocirc;i trong suốt thời gian qua.</p>\r\n<p>Những hộp b&aacute;nh Trung Thu Kinh Đ&ocirc; như những lời cảm ơn m&agrave; kh&ocirc;ng thời khắc n&agrave;o tốt hơn để b&agrave;y tỏ. Tết Trung Thu trở th&agrave;nh dịp Tết để mọi người chia sẻ nhiều hơn, đ&oacute;n nhận nhiều hơn v&agrave; gần nhau nhiều hơn.</p>\r\n<p>V&igrave; một m&ugrave;a trung thu ấm c&uacute;ng, trọn vẹn, h&atilde;y c&ugrave;ng lan tỏa!</p>', 1, 2, 4, 1),
(31, 'Sữa dừa 1 trứng 150gr', 640000, 10, 'sua-dua-1-trung-150gr.png', '2023-10-11', '<p>Thập cẩm truyền thống</p>\r\n<p>Thương hiệu: Kinh Đ&ocirc;</p>\r\n<p>Loại b&aacute;nh: B&aacute;nh nướng</p>\r\n<p>H&igrave;nh thức: 01 b&aacute;nh, hộp kiếng chống ẩm</p>\r\n<p>Khối lượng: 150 gram</p>\r\n<p>Th&agrave;nh phần: Sữa dừa , 1 trứng</p>\r\n<p>Nh&acirc;n b&aacute;nh trung thu hỗn hợp thập cẩm truyền thống. Thưởng thức b&aacute;nh, bạn sẽ cảm nhận được vị b&eacute;o dịu nhẹ đặc trưng của b&aacute;nh Trung Thu Kinh Đ&ocirc;. Sự kết hợp nguy&ecirc;n liệu vừa mang lại n&eacute;t truyền thống, vừa mang n&eacute;t hiện đại, l&agrave;m nổi bật l&ecirc;n n&eacute;t vừa đa dạng, vừa thuần nhất cho loại b&aacute;nh trung thu n&agrave;y. Với qui tr&igrave;nh sản xuất hiện đại, hợp vệ sinh, H&atilde;y thưởng thức hương vị mới lạ, th&uacute; vị n&agrave;y m&agrave; kh&ocirc;ng cần lo lắng về chất lượng sản phẩm cũng như về an to&agrave;n thực phẩm.</p>\r\n<p>Những hộp b&aacute;nh Trung Thu như những lời cảm ơn m&agrave; kh&ocirc;ng thời khắc n&agrave;o tốt hơn để b&agrave;y tỏ. Tết Trung Thu trở th&agrave;nh dịp Tết để mọi người chia sẻ nhiều hơn, đ&oacute;n nhận nhiều hơn v&agrave; gần nhau nhiều hơn.</p>\r\n<p>V&igrave; một m&ugrave;a trung thu ấm c&uacute;ng, trọn vẹn, h&atilde;y c&ugrave;ng lan tỏa!</p>', 1, 1, 4, 1),
(32, 'Thập cẩm jambon 1 trứng (150gr)', 75000, 0, 'thap-cam-jambon-1-trung-150gr.png', '2023-10-12', '<p>Thương hiệu: b&aacute;nh trung thu Kinh Đ&ocirc;</p>\r\n<p>Loại b&aacute;nh: B&aacute;nh nướng 1 trứng</p>\r\n<p>H&igrave;nh thức: 01 b&aacute;nh, hộp kiếng chống ẩm</p>\r\n<p>Khối lượng: 150 gram</p>\r\n<p>Th&agrave;nh phần: nh&acirc;n hỗn hợp thập cẩm jambon v&agrave; 1 trứng</p>\r\n<p>Với người Việt Nam ta, Trung thu l&agrave; c&aacute;i tết lớn thứ hai trong năm sau Nguy&ecirc;n Đ&aacute;n. Người Việt tổ chức hội h&egrave; rộn rang khắp nẻo: thầy tr&ograve; đồng nghiệp c&ugrave;ng bạn b&egrave;, bằng hữu n&ocirc; nức tặng nhau với những m&oacute;n qu&agrave; thật ưng &yacute;, người người qu&acirc;y quần b&ecirc;n gia đ&igrave;nh, b&agrave;y m&acirc;m cỗ c&uacute;ng gia ti&ecirc;n v&agrave; thưởng ngoạn &aacute;nh Trăng đẹp nhất trong năm, trẻ con n&ocirc; nức rồng răng chạy theo những con l&acirc;n rực rỡ v&agrave; &ocirc;ng Địa l&uacute;c lắc - tr&ecirc;n tay l&agrave; chiếc lồng đ&egrave;n m&agrave; b&eacute; đ&atilde; mong chờ từ m&ugrave;a thu trước. Trung thu đời nay vẫn rực rỡ sắc m&agrave;u t&igrave;nh th&acirc;n như thế. Mong cho Trung thu những năm về sau nữa, t&igrave;nh th&acirc;n cũng vẫn cứ lung linh mỗi dịp Tết giữa m&ugrave;a thu.</p>\r\n<p>B&aacute;nh Trung Thu Kinh Đ&ocirc; lu&ocirc;n kh&ocirc;ng ngừng nỗ lực s&aacute;ng tạo v&agrave; đổi mới, kh&ocirc;ng ngừng ph&aacute;t triển để h&agrave;ng năm đều cho ra mắt v&agrave; phục vụ thị trường những sản phẩm mới với chất lượng v&agrave; dịch vụ hậu m&atilde;i tốt nhất, g&oacute;p phần tạo n&ecirc;n lễ hội Trung Thu đậm đ&agrave; bản sắc d&acirc;n tộc Việt Nam</p>\r\n<p>V&igrave; một m&ugrave;a trung thu ấm c&uacute;ng, trọn vẹn, h&atilde;y c&ugrave;ng lan tỏa!</p>', 0, 1, 4, 1),
(33, 'Thập cẩm lạp xưởng 1 trứng (150gr)', 74000, 10, 'thap-cam-lap-xuong-1-trung-150gr.png', '2023-10-11', '<p>Thương hiệu: b&aacute;nh trung thu Kinh Đ&ocirc;</p>\r\n<p>Loại b&aacute;nh: B&aacute;nh nướng 1 trứng</p>\r\n<p>H&igrave;nh thức: 01 b&aacute;nh, hộp kiếng chống ẩm</p>\r\n<p>Khối lượng: 150 gram</p>\r\n<p>Th&agrave;nh phần: Nh&acirc;n hỗn hợp thập cẩm lạp xưởng, c&oacute; 1 trứng</p>\r\n<p>Nh&acirc;n b&aacute;nh trung thu hỗn hợp thập cẩm lạp xưởng, c&oacute; 1 trứng. Thưởng thức b&aacute;nh, bạn sẽ cảm nhận được vị b&eacute;o dịu nhẹ đặc trưng của b&aacute;nh Trung Thu Kinh Đ&ocirc;. Sự kết hợp nguy&ecirc;n liệu vừa mang lại n&eacute;t truyền thống, vừa mang n&eacute;t hiện đại, l&agrave;m nổi bật l&ecirc;n n&eacute;t vừa đa dạng, vừa thuần nhất cho loại b&aacute;nh trung thu n&agrave;y. Với qui tr&igrave;nh sản xuất hiện đại, hợp vệ sinh, Lạp xưởng kh&ocirc;ng chất bảo quản. H&atilde;y thưởng thức hương vị mới lạ, th&uacute; vị n&agrave;y m&agrave; kh&ocirc;ng cần lo lắng về chất lượng sản phẩm cũng như về an to&agrave;n thực phẩm.</p>\r\n<p>Những hộp b&aacute;nh Trung Thu như những lời cảm ơn m&agrave; kh&ocirc;ng thời khắc n&agrave;o tốt hơn để b&agrave;y tỏ. Tết Trung Thu trở th&agrave;nh dịp Tết để mọi người chia sẻ nhiều hơn, đ&oacute;n nhận nhiều hơn v&agrave; gần nhau nhiều hơn.</p>\r\n<p>V&igrave; một m&ugrave;a trung thu ấm c&uacute;ng, trọn vẹn, h&atilde;y c&ugrave;ng lan tỏa!</p>', 1, 0, 4, 1),
(34, 'Đậu xanh 1 trứng (150gr)', 62000, 10, 'dau-xanh-1-trung-150gr.png', '2023-10-11', '<p>Thương hiệu: b&aacute;nh trung thu Kinh Đ&ocirc;</p>\r\n<p>Loại b&aacute;nh: B&aacute;nh nướng 1 trứng</p>\r\n<p>H&igrave;nh thức: 01 b&aacute;nh, hộp kiếng chống ẩm</p>\r\n<p>Khối lượng: 150 gram</p>\r\n<p>Th&agrave;nh phần: Nh&acirc;n hỗn hợp đậu xanh v&agrave; 1 trứng</p>\r\n<p>Theo Đ&ocirc;ng y, đậu xanh c&oacute; vị ngọt, hơi tanh, t&iacute;nh m&aacute;t, t&aacute;c dụng thanh nhiệt, giải độc, trừ phiền nhiệt, điều h&ograve;a ngũ tạng, giảm đau sưng. Đậu xanh thường được sử dụng khi bị cảm sốt v&agrave;o m&ugrave;a h&egrave;, tr&uacute;ng nắng, ti&ecirc;u kh&aacute;t (kh&aacute;t nước uống nhiều), đ&aacute;i th&aacute;o đường, đi tiểu kh&oacute;, đau bụng do nhiệt, bụng n&oacute;ng cồn c&agrave;o, buồn phiền kh&oacute; chịu, nhức đầu, n&ocirc;n mửa, phụ nữ c&oacute; thai bị n&ocirc;n ọe, kh&ocirc;ng y&ecirc;n. B&ecirc;n cạnh đ&oacute;, n&oacute; c&ograve;n c&oacute; &iacute;ch cho người hay bị c&aacute;c loại bệnh nhiệt ngo&agrave;i da như mụn nhọt, ghẻ lở, nổi mề đay; người bị cao huyết &aacute;p, cholesterol m&aacute;u cao, vi&ecirc;m gan m&atilde;n t&iacute;nh, say rượu; trẻ em bị bệnh quai bị, sởi.</p>\r\n<p>V&igrave; vậy đậu xanh đ&atilde; được lựa chọn l&agrave;m nh&acirc;n b&aacute;nh trung thu kinh Đ&ocirc;, cộng th&ecirc;m 1 trứng ở giữa. Sự ngọt ng&agrave;o của đậu xanh kết hợp với sự thanh tho&aacute;t của trứng sẽ l&agrave; hương vị tuyệt vời cho bạn.</p>\r\n<p>Trong những năm gần đ&acirc;y, b&aacute;nh trung thu kh&ocirc;ng những đ&atilde; trở th&agrave;nh m&oacute;n qu&agrave; sang trọng v&agrave; đầy &yacute; nghĩa để d&agrave;nh tặng những người th&acirc;n y&ecirc;u, bạn b&egrave; m&agrave; c&ugrave;ng hương vị cổ truyền thơm ngon kết hợp với hiện đại, b&aacute;nh trung thu tạo n&ecirc;n vị ngọt thanh thanh, thuần khiết vừa miệng, l&agrave; m&oacute;n ăn kh&ocirc;ng thể thiếu mỗi độ trung thu về.</p>\r\n<p>V&igrave; một m&ugrave;a trung thu ấm c&uacute;ng, trọn vẹn, h&atilde;y c&ugrave;ng lan tỏa!</p>', 1, 51, 4, 1),
(35, 'Đậu xanh lá dứa (150gr)', 65000, 10, 'dau-xanh-la-dua-150gr.png', '2023-10-11', '<p>Thương hiệu: b&aacute;nh trung thu Kinh Đ&ocirc;</p>\r\n<p>Loại b&aacute;nh: B&aacute;nh nướng 1 trứng</p>\r\n<p>H&igrave;nh thức: 01 b&aacute;nh, hộp kiếng chống ẩm</p>\r\n<p>Khối lượng: 150 gram</p>\r\n<p>Th&agrave;nh phần: nh&acirc;n hỗn hợp đậu xanh l&aacute; dứa, c&oacute; 1 trứng</p>\r\n<p>Đậu xanh lu&ocirc;n l&agrave; lựa chọn đầu ti&ecirc;n cho c&aacute;c nghệ nh&acirc;n l&agrave;m b&aacute;nh, từ xưa khi c&aacute;c d&ograve;ng b&aacute;nh hiện đại chưa c&oacute; nhiều như hiện nay th&igrave; &ocirc;ng b&agrave; ta cũng đ&atilde; lựa chọn đậu xanh l&agrave;m nh&acirc;n cho c&aacute;c loại b&aacute;nh rồi. Ng&agrave;y nay c&aacute;c ngh&ecirc; nh&acirc;n l&agrave;m b&aacute;nh Kinh Đ&ocirc; lựa chọn Đậu xanh l&agrave;m nh&acirc;n b&aacute;nh c&oacute; c&aacute;ch t&acirc;n hơn nhưng vẫn giữ được hương vị truyền thống xưa. Nh&acirc;n b&aacute;nh được l&agrave;m từ đậu xanh say nhuyễn, nước cốt l&agrave;m từ l&aacute; dứa, m&ugrave;i vị thơm ngon của đậu xanh quyện trong m&ugrave;i thơm của l&aacute; dứa mang lại hương vị rất đặc biệt kh&oacute; m&agrave; cưỡng lại.</p>\r\n<p>D&ugrave; vật đổi sao dời th&igrave; những ph&uacute;t gi&acirc;y qu&acirc;y quần thưởng thức b&aacute;nh trung thu c&ugrave;ng gia đ&igrave;nh, bạn b&egrave; th&acirc;n thiết dưới &aacute;nh trăng rằm vằng vặc lu&ocirc;n l&agrave; những điều m&agrave; bất kỳ ai cũng n&acirc;ng niu v&agrave; tr&acirc;n trọng.</p>\r\n<p>D&ograve;ng b&aacute;nh nướng truyền thống của Kinh Đ&ocirc; tự h&ograve;a vẫn lu&ocirc;n mang trong m&igrave;nh &yacute; nghĩa như vậy &ndash; C&oacute; những điều l&agrave; m&atilde;i m&atilde;i!</p>\r\n<p>V&igrave; một m&ugrave;a trung thu ấm c&uacute;ng, trọn vẹn, h&atilde;y c&ugrave;ng lan tỏa!</p>', 1, 1, 4, 1),
(36, 'Đậu đỏ 1 trứng (150gr)', 64000, 0, 'dau-do-1-trung-150gr.png', '2023-10-12', '<p>Thương hiệu: b&aacute;nh trung thu Kinh Đ&ocirc;</p>\r\n<p>Loại b&aacute;nh: B&aacute;nh nướng 1 trứng</p>\r\n<p>H&igrave;nh thức: 01 b&aacute;nh, hộp Kiếng chống ẩm</p>\r\n<p>Khối lượng: 150 gram</p>\r\n<p>Th&agrave;nh phần: nh&acirc;n hỗn hợp đậu đỏ v&agrave; 1 trứng</p>\r\n<p>Trong những năm gần đ&acirc;y, b&aacute;nh trung thu kh&ocirc;ng những đ&atilde; trở th&agrave;nh m&oacute;n qu&agrave; sang trọng v&agrave; đầy &yacute; nghĩa để d&agrave;nh tặng những người th&acirc;n y&ecirc;u, bạn b&egrave; m&agrave; c&ugrave;ng hương vị cổ truyền thơm ngon kết hợp với hiện đại, b&aacute;nh trung thu tạo n&ecirc;n vị ngọt thanh thanh, thuần khiết vừa miệng, l&agrave; m&oacute;n ăn kh&ocirc;ng thể thiếu mỗi độ trung thu về.</p>\r\n<p>D&ugrave; vật đổi sao dời th&igrave; những ph&uacute;t gi&acirc;y qu&acirc;y quần thưởng thức b&aacute;nh trung thu c&ugrave;ng gia đ&igrave;nh, bạn b&egrave; th&acirc;n thiết dưới &aacute;nh trăng rằm vằng vặc lu&ocirc;n l&agrave; những điều m&agrave; bất kỳ ai cũng n&acirc;ng niu v&agrave; tr&acirc;n trọng.</p>\r\n<p>D&ograve;ng b&aacute;nh nướng truyền thống của Kinh Đ&ocirc; tự h&ograve;a vẫn lu&ocirc;n mang trong m&igrave;nh &yacute; nghĩa như vậy &ndash; C&oacute; những điều l&agrave; m&atilde;i m&atilde;i!</p>\r\n<p>V&igrave; một m&ugrave;a trung thu ấm c&uacute;ng, trọn vẹn, h&atilde;y c&ugrave;ng lan tỏa!</p>', 0, 2, 4, 1),
(37, 'Bánh trung thu Oreo 4 bánh', 340000, 0, 'banh-trung-thu-oreo-4-banh-1.jpg', '2023-10-12', '<p>B&aacute;nh trung thu OREO trẻ trung, hiện đại l&agrave; sự h&ograve;a quyện mới lạ v&agrave; tinh tế của lớp vỏ mềm mịn b&ecirc;n ngo&agrave;i với 2 lớp nh&acirc;n ngọt dịu b&ecirc;n trong.</p>\r\n<p>Th&agrave;nh phần: Hộp b&aacute;nh trung thu OREO 4 b&aacute;nh bao gồm:</p>\r\n<p>&ndash; B&aacute;nh trung thu OREO vị S&ocirc;-c&ocirc;-la sữa</p>\r\n<p>&ndash; B&aacute;nh trung thu OREO vị Cappuccino</p>\r\n<p>&ndash; B&aacute;nh trung thu OREO vị Brownie S&ocirc;-c&ocirc;-la</p>\r\n<p>&ndash; B&aacute;nh trung thu OREO vị Mứt D&acirc;u T&acirc;y</p>\r\n<p>HSD: 75 ng&agrave;y kể từ ng&agrave;y sản xuất Bao gồm t&uacute;i giấy</p>\r\n<p>D&ograve;ng b&aacute;nh n&agrave;y hứa hẹn sẽ tạo được ấn tượng kh&oacute; phai cho những ai được thưởng thức</p>', 0, 21, 5, 1),
(38, 'Bánh trung thu Oreo 2 bánh', 180000, 0, 'banh-trung-thu-oreo-2-banh-1.jpg', '2023-10-12', '<p>B&aacute;nh Trung Thu OREO trẻ trung, hiện đại l&agrave; sự h&ograve;a quyện mới lạ v&agrave; tinh tế của lớp vỏ mềm mịn b&ecirc;n ngo&agrave;i với 2 lớp nh&acirc;n ngọt dịu b&ecirc;n trong. D&ograve;ng b&aacute;nh n&agrave;y hứa hẹn sẽ tạo được ấn tượng kh&oacute; phai cho những ai được thưởng thức.</p>\r\n<p>2 vị b&aacute;nh:</p>\r\n<p>1. B&aacute;nh trung thu Oreo Brownie Socola: Lớp vỏ mềm vị socola thuần khiết &hellip; trọn vị y&ecirc;u thương.</p>\r\n<p>2. B&aacute;nh trung thu Oreo Mức D&acirc;u T&acirc;y: D&acirc;u thật ngọt, mức thật tươi &hellip; vui vẻ trẻ trung.</p>', 0, 18, 5, 1),
(39, 'Bánh trung thu con heo', 300000, 15, 'banh-trung-thu-con-heo.png', '2023-10-11', '<p>B&aacute;nh trung thu heo&nbsp;biểu tượng cho t&igrave;nh cảm khăng kh&iacute;t giữa c&aacute;c th&agrave;nh vi&ecirc;n trong gia đ&igrave;nh. Ngo&agrave;i ra, b&aacute;nh c&ograve;n thể hiện một cuộc sống ấm no, hạnh ph&uacute;c v&agrave; đủ đầy. Mang cả gi&aacute; trị tinh thần v&agrave; cả sự thẩm mỹ trong một chiếc b&aacute;nh, đ&oacute; l&agrave; mục ti&ecirc;u m&agrave; ch&uacute;ng t&ocirc;i đưa b&aacute;nh của m&igrave;nh đến gần hơn với kh&aacute;ch h&agrave;ng.</p>\r\n<p>Với b&agrave;n tay kh&eacute;o l&eacute;o của thợ l&agrave;m b&aacute;nh bề d&agrave;y kinh nghiệm, từng chiếc b&aacute;nh trung thu của ch&uacute;ng t&ocirc;i để được ra mắt kh&aacute;ch h&agrave;ng đều khắt khe từ kh&acirc;u tuyển chọn nguy&ecirc;n liệu đến kh&acirc;u kiểm tra chất lượng sản phẩm cuối c&ugrave;ng. Một chiếc b&aacute;nh trung thu được xem l&agrave; chất lượng khi dung h&ograve;a c&aacute;c yếu tố: vỏ b&aacute;nh mềm, m&agrave;u v&agrave;ng &oacute;ng đẹp mắt, kh&ocirc;ng để bị nướng qu&aacute; nhiệt độ, phần nh&acirc;n h&ograve;a quyện đậm đ&agrave; v&agrave; c&oacute; hương thơm đặc trưng khi kh&aacute;ch h&agrave;ng cắn một miếng b&aacute;nh đầu ti&ecirc;n.</p>\r\n<p>L&acirc;u nay, b&aacute;nh trung thu lu&ocirc;n được coi l&agrave; biểu tượng của ng&agrave;y Tết trung thu, kh&ocirc;ng chỉ c&oacute; hương vị thơm ngon đặc biệt m&agrave; c&ograve;n chứa đựng nhiều &yacute; nghĩa s&acirc;u sắc t&ugrave;y theo từng h&igrave;nh dạng b&aacute;nh. Với lớp da mềm, thơm, kh&ocirc;ng qu&aacute; ngọt, cộng th&ecirc;m phần nh&acirc;n thập cẩm h&ograve;a quyện đậm đ&agrave; b&aacute;nh kh&ocirc;ng chỉ thỏa m&atilde;n về phần nh&igrave;n, m&agrave; c&ograve;n thỏa m&atilde;n về khẩu vị của người d&ugrave;ng.&nbsp;</p>\r\n<p>Nguy&ecirc;n liệu: Bột m&igrave;, bột nếp, đường tinh luyện, thịt kh&ocirc;, lạp xưởng, mỡ heo, mứt b&iacute;, mứt gừng, hạt dưa, dầu olein tinh luyện, hạt điều, hạt hạnh nh&acirc;n, hạt b&iacute; xanh, m&egrave; trắng, l&ograve;ng đỏ vịt muối, rượu mai quế lộ, ...</p>', 1, 10, 6, 1),
(40, 'Thập cẩm lạp xưởng 0 trứng (150gr)', 69000, 0, 'thap-cam-lap-xuong-0-trung-150gr.png', '2023-10-12', '<p>Thương hiệu: b&aacute;nh trung thu Kinh Đ&ocirc;</p>\r\n<p>Loại b&aacute;nh: B&aacute;nh nướng 0 trứng</p>\r\n<p>H&igrave;nh thức: 01 b&aacute;nh, hộp kiếng chống ẩm</p>\r\n<p>Khối lượng: 150 gram</p>\r\n<p>Th&agrave;nh phần: nh&acirc;n hỗn hợp thập cẩm lạp xưởng v&agrave; c&aacute;c loại hạt</p>\r\n<p>Chiếc b&aacute;nh Thập Cẩm Lạp Xưởng c&oacute; lớp vỏ b&aacute;nh nướng mềm thơm, v&agrave;ng ươm, nổi bật hơn với khẩu vị ngọt tự nhi&ecirc;n của thịt tươi được chế biến c&ocirc;ng phu h&ograve;a c&ugrave;ng vị b&eacute;o của c&aacute;c loại hạt m&egrave;, hạt hướng dương. Thiết kế sang trọng, ph&ugrave; hợp để kh&aacute;ch h&agrave;ng d&agrave;nh tặng người th&acirc;n, bạn b&egrave;, đối t&aacute;c.</p>\r\n<p>M&acirc;m cỗ Trung Thu nhất định phải c&oacute; B&aacute;nh trung thu. Vậy n&ecirc;n, từ chiếc b&aacute;nh dẻo giản dị nh&acirc;n hạt sen một l&ograve;ng đỏ trứng muối, nghệ nh&acirc;n Kinh Đ&ocirc; kỳ c&ocirc;ng chế biến chiếc b&aacute;nh ch&acirc;n phương ấy th&agrave;nh mỹ vị d&acirc;n tộc Việt. Một miếng b&aacute;nh m&agrave; chan chứa cảm t&igrave;nh, một l&aacute;t mỏng th&ocirc;i m&agrave; tinh tế đủ đầy, trọn vẹn &acirc;n t&igrave;nh!</p>\r\n<p>V&igrave; một m&ugrave;a trung thu ấm c&uacute;ng, trọn vẹn, h&atilde;y c&ugrave;ng lan tỏa!</p>', 0, 17, 6, 1),
(41, 'Bánh trung thu than tre nhật', 182000, 0, 'banh-trung-thu-than-tre-nhat.jpg', '2023-10-12', '<p>Khi nhắc đến c&aacute;c thương hiệu nổi tiếng về b&aacute;nh trung thu th&igrave; sẽ thật thiếu s&oacute;t nếu kh&ocirc;ng nhắc đến c&aacute;c loại b&aacute;nh trung thu từ thương hiệu Hỷ L&acirc;m M&ocirc;n. Cơ sở Sản xuất B&aacute;nh ngọt Hỷ L&acirc;m M&ocirc;n được th&agrave;nh lập v&agrave;o th&aacute;ng 10/1984. Ban đầu chỉ c&oacute; một cửa h&agrave;ng, đến nay hệ thống đ&atilde; c&oacute; mười cửa h&agrave;ng tập trung tại c&aacute;c khu d&acirc;n cư đ&ocirc;ng đ&uacute;c của Th&agrave;nh phố Hồ Ch&iacute; Minh. Hỷ L&acirc;m M&ocirc;n cũng là m&ocirc;̣t trong những thương hi&ecirc;̣u bánh được người ti&ecirc;u dùng bình chọn là hàng Vi&ecirc;̣t Nam ch&acirc;́t lượng cao.</p>\r\n<p>B&aacute;nh trung thu Than Tre Nhật Hỷ L&acirc;m M&ocirc;n được sản xuất từ c&acirc;y tre Mosochiku c&oacute; xuất xứ ở v&ugrave;ng Naraken (Nhật Bản). Tinh than tre Takesumi c&oacute; rất nhiều canxi, sắt v&agrave; c&aacute;c chất kho&aacute;ng vi lượng cần cho cơ thể. Thực phẩm được chế biến sử dụng tinh than tre sẽ gi&uacute;p cơ thể thải độc hiệu quả từ trong ra ngo&agrave;i gi&uacute;p giữ v&oacute;c d&aacute;ng gọn g&agrave;ng cũng như hệ ti&ecirc;u h&oacute;a lu&ocirc;n &ldquo;sạch sẽ&rdquo;, ph&ograve;ng ngừa c&aacute;c bệnh do ăn uống. Bột tinh than tre c&oacute; m&agrave;u đen tuyền, dạng bột si&ecirc;u mịn, nếu nếm trực tiếp th&igrave; kh&ocirc;ng c&oacute; m&ugrave;i v&agrave; kh&ocirc;ng vị, khi kết hợp với c&aacute;c nguy&ecirc;n liệu kh&aacute;c, ch&uacute;ng kh&ocirc;ng l&agrave;m thay đổi hương vị, chỉ tạo m&agrave;u tự nhi&ecirc;n v&agrave; l&agrave;m cho c&aacute;c m&oacute;n ăn độc đ&aacute;o v&agrave; dinh dưỡng hơn.</p>', 0, 13, 6, 1),
(42, 'Bánh trung thu rau câu', 330000, 0, 'banh-trung-thu-rau-cau.png', '2023-10-12', '<p>Mỗi năm cứ đến Rằm Th&aacute;ng T&aacute;m l&agrave; mọi người rộn r&agrave;ng chuẩn bị một m&acirc;m cỗ đủ đầy với tr&aacute;i c&acirc;y, kẹo v&agrave; đặc biệt l&agrave; những chiếc b&aacute;nh Trung thu thơm ngon, hấp dẫn. Tuy nhi&ecirc;n, c&aacute;c loại b&aacute;nh truyền thống như b&aacute;nh dẻo, b&aacute;nh nướng&hellip; đ&atilde; trở n&ecirc;n qu&aacute; quen thuộc đối với nhiều gia đ&igrave;nh. Nếu bạn muốn thay đổi khẩu vị cho cả nh&agrave; th&igrave; h&atilde;y thử với b&aacute;nh Trung thu rau c&acirc;u&nbsp;nh&eacute;. Đảm bảo từng chiếc b&aacute;nh kh&ocirc;ng chỉ thơm ngon m&agrave; c&ograve;n c&oacute; tạo h&igrave;nh bắt mắt, mới lạ, chắc chắn sẽ khiến mọi người th&iacute;ch m&ecirc; ngay từ lần nếm thử đầu ti&ecirc;n.</p>\r\n<p>Mỗi chiếc b&aacute;nh trung thu l&agrave; cả một t&acirc;m huyết, t&igrave;nh cảm m&agrave; người thợ b&aacute;nh gửi gắm trong đ&oacute;.</p>\r\n<p>B&aacute;nh trung thu r&acirc;u c&acirc;u c&oacute; lớp vỏ ngo&agrave;i giai gi&ograve;n c&ugrave;ng phần nh&acirc;n thơm b&eacute;o gi&uacute;p bạn thay đổi khẩu vị nếu đ&atilde; qu&aacute; ch&aacute;n với m&oacute;n b&aacute;nh trung thu truyền thống.</p>\r\n<p>B&aacute;nh trung thu r&acirc;u c&acirc;u sẽ gi&uacute;p bạn c&oacute; một ng&agrave;y Trung Thu đầy &yacute; nghĩa b&ecirc;n gia đ&igrave;nh v&agrave; c&ugrave;ng thưởng thức những m&oacute;n b&aacute;nh thơm ngon, đầy hấp dẫn, mới lạ n&agrave;y nh&eacute;!</p>\r\n<p>C&oacute; 4 m&ugrave;i: Xo&agrave;i, C&agrave; ph&ecirc;, L&aacute; Dứa v&agrave; Việt Quất</p>', 0, 17, 6, 1);

-- --------------------------------------------------------

--
-- Cấu trúc bảng cho bảng `users`
--

CREATE TABLE `users` (
  `user_id` int(11) NOT NULL,
  `password` varchar(250) NOT NULL,
  `fullname` varchar(50) NOT NULL,
  `status` varchar(50) NOT NULL,
  `user_image` varchar(255) NOT NULL,
  `role` varchar(50) NOT NULL,
  `email` varchar(255) NOT NULL,
  `otp` int(6) NOT NULL
) ENGINE=InnoDB DEFAULT CHARSET=utf8 COLLATE=utf8_unicode_ci;

--
-- Đang đổ dữ liệu cho bảng `users`
--

INSERT INTO `users` (`user_id`, `password`, `fullname`, `status`, `user_image`, `role`, `email`, `otp`) VALUES
(1, '$2y$10$NXC8rIO6R6qiID7Ugrl6NOb8d1OpZeNHhTK/1lMBbtPWWXnnIaGLm', 'Nguyễn Thành Admin', 'Đã kích hoạt', 'images', 'Admin', 'admin@gmail.com', 0),
(3, '$2y$10$YBcEVp0DxHZ7cBS.H4XinOLu2Zh3khbKIJbaw50GM0tdFrRZgYjIi', 'Tình Nguyễn', 'Đã kích hoạt', 'banh-trung-thu-than-tre-nhat.jpg', 'Nhân viên', 'tinhabc3009@gmail.com', 0),
(6, '$2y$10$ZIHR0eLS7UkOYWz5PDSU1eS2LBcaDyh6I.jABF1PqoADDKE3ut/ou', 'Nguyễn Thành Đường', 'Đã kích hoạt', 'z4710024005492_a200313c0549101bee897d2813d464bc.jpg', 'Nhân viên', 'duongnt3092004@gmail.com', 0),
(8, '$2y$10$uhwt6VKp4A6cXMeyQDxuD.7yGOrriYawR./dIotesPkcWUmrNiqme', 'Nguyễn Thành C', 'Đã kích hoạt', '35.jpg', 'Khách hàng', 'tinhdz3092004@gmail.com', 0);

--
-- Chỉ mục cho các bảng đã đổ
--

--
-- Chỉ mục cho bảng `categories`
--
ALTER TABLE `categories`
  ADD PRIMARY KEY (`category_id`),
  ADD KEY `user_id` (`user_id`);

--
-- Chỉ mục cho bảng `comments`
--
ALTER TABLE `comments`
  ADD PRIMARY KEY (`comment_id`),
  ADD KEY `user_id` (`user_id`),
  ADD KEY `product_id` (`product_id`);

--
-- Chỉ mục cho bảng `products`
--
ALTER TABLE `products`
  ADD PRIMARY KEY (`product_id`),
  ADD KEY `category_id` (`category_id`),
  ADD KEY `fk` (`user_id`);

--
-- Chỉ mục cho bảng `users`
--
ALTER TABLE `users`
  ADD PRIMARY KEY (`user_id`);

--
-- AUTO_INCREMENT cho các bảng đã đổ
--

--
-- AUTO_INCREMENT cho bảng `categories`
--
ALTER TABLE `categories`
  MODIFY `category_id` int(11) NOT NULL AUTO_INCREMENT, AUTO_INCREMENT=10;

--
-- AUTO_INCREMENT cho bảng `comments`
--
ALTER TABLE `comments`
  MODIFY `comment_id` int(11) NOT NULL AUTO_INCREMENT, AUTO_INCREMENT=8;

--
-- AUTO_INCREMENT cho bảng `products`
--
ALTER TABLE `products`
  MODIFY `product_id` int(11) NOT NULL AUTO_INCREMENT, AUTO_INCREMENT=43;

--
-- AUTO_INCREMENT cho bảng `users`
--
ALTER TABLE `users`
  MODIFY `user_id` int(11) NOT NULL AUTO_INCREMENT, AUTO_INCREMENT=13;

--
-- Các ràng buộc cho các bảng đã đổ
--

--
-- Các ràng buộc cho bảng `categories`
--
ALTER TABLE `categories`
  ADD CONSTRAINT `categories_ibfk_1` FOREIGN KEY (`user_id`) REFERENCES `users` (`user_id`);

--
-- Các ràng buộc cho bảng `comments`
--
ALTER TABLE `comments`
  ADD CONSTRAINT `comments_ibfk_1` FOREIGN KEY (`user_id`) REFERENCES `users` (`user_id`),
  ADD CONSTRAINT `comments_ibfk_2` FOREIGN KEY (`product_id`) REFERENCES `products` (`product_id`);

--
-- Các ràng buộc cho bảng `products`
--
ALTER TABLE `products`
  ADD CONSTRAINT `fk` FOREIGN KEY (`user_id`) REFERENCES `users` (`user_id`),
  ADD CONSTRAINT `products_ibfk_1` FOREIGN KEY (`category_id`) REFERENCES `categories` (`category_id`);
COMMIT;

/*!40101 SET CHARACTER_SET_CLIENT=@OLD_CHARACTER_SET_CLIENT */;
/*!40101 SET CHARACTER_SET_RESULTS=@OLD_CHARACTER_SET_RESULTS */;
/*!40101 SET COLLATION_CONNECTION=@OLD_COLLATION_CONNECTION */;
